S.No.,College Name,State,Est.Year,Type,Permitted Seats for Academic Year 2025-26,,,Remark
1,"Anil Neerukonda Institute of Dental Sciences, Visakhapatnam",Andhra Pradesh,2013-14,Private,BDS,N/A,100,
,,,,,MDS,Orthodonitics & Dentofacial Orthopedics,6,
,,,,,MDS,Oral and Maxillofacial Surgery,5,
,,,,,MDS,Conservative Dentistry & Endodontics,6,
,,,,,MDS,Pediatric and Preventive Dentistry,5,
,,,,,MDS,Public Health Dentistry,3,
,,,,,MDS,Oral Medicine & Radiology,2,
,,,,,MDS,Prosthodontics and Crown & Bridge,5,
,,,,,MDS,Periodontology,2,
2,"C.K.S. Teja Institute of Dental Sciences & Research, Tirupati",Andhra Pradesh,1999-00,Private,BDS,N/A,100,
,,,,,MDS,Prosthodontics and Crown & Bridge,6,
,,,,,MDS,Conservative Dentistry & Endodontics,6,
,,,,,MDS,Orthodonitics & Dentofacial Orthopedics,6,
,,,,,MDS,Periodontology,2,
,,,,,MDS,Oral & Maxillofacial Pathology and Oral Microbiology,3,
,,,,,MDS,Oral Medicine & Radiology,3,
,,,,,MDS,Pediatric and Preventive Dentistry,3,
,,,,,MDS,Oral and Maxillofacial Surgery,3,
3,"Care Dental College, Guntur",Andhra Pradesh,2017-18,Private,BDS,N/A,50,
4,"Drs. Sudha & Nageswara Rao Siddhartha Institute of Dental Sciences, Gannavaram Mandalam",Andhra Pradesh,2005-06,Private,BDS,N/A,100,
,,,,,MDS,Prosthodontics and Crown & Bridge,5,
,,,,,MDS,Oral and Maxillofacial Surgery,5,
,,,,,MDS,Conservative Dentistry & Endodontics,5,
,,,,,MDS,Pediatric and Preventive Dentistry,3,
,,,,,MDS,Orthodonitics & Dentofacial Orthopedics,5,
,,,,,MDS,Periodontology,5,
5,"G. Pulla Reddy Dental College & Hospital, Kurnool",Andhra Pradesh,2006-07,Private,BDS,N/A,50,
,,,,,MDS,Prosthodontics and Crown & Bridge,3,
,,,,,MDS,Oral & Maxillofacial Pathology and Oral Microbiology,3,
,,,,,MDS,Orthodonitics & Dentofacial Orthopedics,3,
,,,,,MDS,Conservative Dentistry & Endodontics,6,
,,,,,MDS,Periodontology,3,
,,,,,MDS,Oral Medicine & Radiology,2,
,,,,,MDS,Pediatric and Preventive Dentistry,3,
6,"Gitam Dental College & Hospital, Vishakhapatnam",Andhra Pradesh,2001-02,Private,BDS,N/A,100,
,,,,,MDS,Periodontology,5,
,,,,,MDS,Oral and Maxillofacial Surgery,3,
,,,,,MDS,Orthodonitics & Dentofacial Orthopedics,5,
,,,,,MDS,Pediatric and Preventive Dentistry,5,
,,,,,MDS,Oral Medicine & Radiology,3,
,,,,,MDS,Oral & Maxillofacial Pathology and Oral Microbiology,3,
,,,,,MDS,Prosthodontics and Crown & Bridge,5,
,,,,,MDS,Conservative Dentistry & Endodontics,5,
7,"Govt. Dental College & Hospital, Vijayawada",Andhra Pradesh,1992-93,Govt.,MDS,Oral Medicine & Radiology,3,
,,,,,MDS,Prosthodontics and Crown & Bridge,3,
,,,,,MDS,Oral & Maxillofacial Pathology and Oral Microbiology,3,
,,,,,BDS,N/A,40,
,,,,,MDS,Periodontology,3,
,,,,,MDS,Oral and Maxillofacial Surgery,3,
,,,,,MDS,Conservative Dentistry & Endodontics,3,
,,,,,MDS,Orthodonitics & Dentofacial Orthopedics,3,
,,,,,MDS,Pediatric and Preventive Dentistry,3,
8,"Govt. Dental College, RIMS, Kadapa",Andhra Pradesh,2008-09,Govt.,MDS,Oral Medicine & Radiology,3,
,,,,,MDS,Prosthodontics and Crown & Bridge,2,
,,,,,MDS,Conservative Dentistry & Endodontics,3,
,,,,,MDS,Orthodonitics & Dentofacial Orthopedics,3,
,,,,,MDS,Pediatric and Preventive Dentistry,3,
,,,,,MDS,Oral & Maxillofacial Pathology and Oral Microbiology,3,
,,,,,BDS,N/A,100,
,,,,,MDS,Oral and Maxillofacial Surgery,3,
,,,,,MDS,Periodontology,3,
9,"GSL Dental College & Hospital, Rajahmundry",Andhra Pradesh,2013-14,Private,MDS,Periodontology,2,
,,,,,MDS,Oral Medicine & Radiology,2,
,,,,,MDS,Oral & Maxillofacial Pathology and Oral Microbiology,2,
,,,,,MDS,Orthodonitics & Dentofacial Orthopedics,3,
,,,,,MDS,Conservative Dentistry & Endodontics,3,
,,,,,MDS,Prosthodontics and Crown & Bridge,3,
,,,,,MDS,Pediatric and Preventive Dentistry,3,
,,,,,MDS,Oral and Maxillofacial Surgery,3,
,,,,,BDS,N/A,100,
10,"KIMS Dental College, Amalapuram",Andhra Pradesh,2014-15,Private,BDS,N/A,100,
,,,,,MDS,Orthodonitics & Dentofacial Orthopedics,3,
,,,,,MDS,Conservative Dentistry & Endodontics,3,
,,,,,MDS,Prosthodontics and Crown & Bridge,2,
,,,,,MDS,Oral and Maxillofacial Surgery,3,
11,"Lenora Institute of Dental Sciences, Rajahmundry",Andhra Pradesh,2008-09,Private,BDS,N/A,100,
,,,,,MDS,Conservative Dentistry & Endodontics,5,
,,,,,MDS,Prosthodontics and Crown & Bridge,5,
,,,,,MDS,Periodontology,5,
,,,,,MDS,Orthodonitics & Dentofacial Orthopedics,5,
,,,,,MDS,Pediatric and Preventive Dentistry,5,
,,,,,PG Diploma,Pediatric and Preventive Dentistry,2,
,,,,,MDS,Public Health Dentistry,3,
,,,,,MDS,Oral Medicine & Radiology,3,
,,,,,MDS,Oral and Maxillofacial Surgery,3,
,,,,,PG Diploma,Orthodonitics & Dentofacial Orthopedics,1,
,,,,,PG Diploma,Conservative Dentistry & Endodontics,2,
,,,,,PG Diploma,Prosthodontics and Crown & Bridge,1,
12,"Narayana Dental College & Hospital, Nellore",Andhra Pradesh,2001-02,Private,MDS,Conservative Dentistry & Endodontics,5,
,,,,,MDS,Oral and Maxillofacial Surgery,5,
,,,,,MDS,Public Health Dentistry,3,
,,,,,BDS,N/A,100,
,,,,,MDS,Oral Medicine & Radiology,6,
,,,,,MDS,Oral & Maxillofacial Pathology and Oral Microbiology,3,
,,,,,MDS,Orthodonitics & Dentofacial Orthopedics,5,
,,,,,MDS,Periodontology,5,
,,,,,MDS,Pediatric and Preventive Dentistry,5,
,,,,,MDS,Prosthodontics and Crown & Bridge,6,
13,Nimra Institute of Dental Sciences,Andhra Pradesh,2023-24,Private,BDS,N/A,100,
14,"Sibar Institute of Dental Sciences, Guntur",Andhra Pradesh,2001-02,Private,MDS,Pediatric and Preventive Dentistry,6,
,,,,,MDS,Public Health Dentistry,4,
,,,,,MDS,Periodontology,6,
,,,,,MDS,Oral & Maxillofacial Pathology and Oral Microbiology,3,
,,,,,BDS,N/A,100,
,,,,,MDS,Conservative Dentistry & Endodontics,6,
,,,,,MDS,Orthodonitics & Dentofacial Orthopedics,5,
,,,,,MDS,Prosthodontics and Crown & Bridge,6,
,,,,,MDS,Oral Medicine & Radiology,3,
,,,,,MDS,Oral and Maxillofacial Surgery,5,
15,"Sree Sai Dental College & Research Institute, Srikakulam",Andhra Pradesh,2003-04,Private,MDS,Prosthodontics and Crown & Bridge,6,
,,,,,MDS,Conservative Dentistry & Endodontics,6,
,,,,,MDS,Orthodonitics & Dentofacial Orthopedics,6,
,,,,,MDS,Periodontology,3,
,,,,,MDS,Oral and Maxillofacial Surgery,3,
,,,,,MDS,Pediatric and Preventive Dentistry,3,
,,,,,BDS,N/A,100,
16,"St. Joseph Dental College, Duggirala",Andhra Pradesh,2002-03,Private,BDS,N/A,100,
,,,,,MDS,Periodontology,3,
,,,,,MDS,Pediatric and Preventive Dentistry,5,
,,,,,MDS,Oral and Maxillofacial Surgery,3,
,,,,,MDS,Prosthodontics and Crown & Bridge,3,
,,,,,MDS,Conservative Dentistry & Endodontics,6,
,,,,,MDS,Oral Medicine & Radiology,3,
,,,,,MDS,Orthodonitics & Dentofacial Orthopedics,5,
,,,,,MDS,Oral & Maxillofacial Pathology and Oral Microbiology,3,
17,"Vishnu Dental College, Bhimavaram",Andhra Pradesh,2002-03,Private,BDS,N/A,100,
,,,,,MDS,Prosthodontics and Crown & Bridge,6,
,,,,,MDS,Conservative Dentistry & Endodontics,6,
,,,,,MDS,Orthodonitics & Dentofacial Orthopedics,6,
,,,,,MDS,Pediatric and Preventive Dentistry,6,
,,,,,MDS,Oral and Maxillofacial Surgery,2,
,,,,,MDS,Periodontology,5,
,,,,,MDS,Oral & Maxillofacial Pathology and Oral Microbiology,5,
,,,,,MDS,Oral Medicine & Radiology,5,
18,"Govt. Dental College, Dibrugarh, Assam",Assam,2018-19,Govt.,BDS,N/A,63,
19,"Govt. Dental College, Silchar, Assam",Assam,2018-19,Govt.,BDS,N/A,63,
20,"Regional Dental College, Guwahati",Assam,1982-83,Govt.,MDS,Periodontology,2,
,,,,,MDS,Conservative Dentistry & Endodontics,2,
,,,,,MDS,Prosthodontics and Crown & Bridge,2,
,,,,,MDS,Oral and Maxillofacial Surgery,2,
,,,,,MDS,Orthodonitics & Dentofacial Orthopedics,2,
,,,,,BDS,N/A,50,
21,"Buddha Institute of Dental Sciences & Hospital, Kankarbagh, Patna",Bihar,1985-86,Private,MDS,Orthodonitics & Dentofacial Orthopedics,6,
,,,,,MDS,Public Health Dentistry,3,
,,,,,MDS,Oral Medicine & Radiology,3,
,,,,,MDS,Oral & Maxillofacial Pathology and Oral Microbiology,3,
,,,,,MDS,Pediatric and Preventive Dentistry,6,
,,,,,BDS,N/A,100,
,,,,,MDS,Prosthodontics and Crown & Bridge,6,
,,,,,MDS,Periodontology,6,
,,,,,MDS,Oral and Maxillofacial Surgery,6,
,,,,,MDS,Conservative Dentistry & Endodontics,6,
22,"Government Dental College & Hospital, Nalanda",Bihar,2023-24,Govt.,BDS,N/A,100,DCI recommended not to renew permission for 3rd year BDS Course for AY 2025-26; final decision awaited
23,"Mithila Minority Dental College & Hospital, Darbhanga",Bihar,1989-90,Private,BDS,N/A,60,
,,,,,MDS,Prosthodontics and Crown & Bridge,3,
,,,,,MDS,Orthodonitics & Dentofacial Orthopedics,5,
,,,,,MDS,Periodontology,5,
,,,,,MDS,Conservative Dentistry & Endodontics,5,
,,,,,MDS,Pediatric and Preventive Dentistry,5,
,,,,,MDS,Oral and Maxillofacial Surgery,6,
,,,,,MDS,Oral Medicine & Radiology,3,
,,,,,MDS,Public Health Dentistry,3,
24,"Patna Dental College & Hospital, Patna",Bihar,1960-61,Govt.,MDS,Prosthodontics and Crown & Bridge,2,
,,,,,BDS,N/A,40,
25,"Sarjug Dental College, Darbhanga",Bihar,1988-89,Private,BDS,N/A,40,
26,"Dr. Harvansh Singh Judge Institute of Dental Sciences & Hospital, Chandigarh",Chandigarh,2006-07,Govt.,BDS,N/A,100,
,,,,,MDS,Prosthodontics and Crown & Bridge,3,
,,,,,MDS,Periodontology,3,
,,,,,MDS,Oral and Maxillofacial Surgery,2,
,,,,,MDS,Conservative Dentistry & Endodontics,3,
,,,,,MDS,Orthodonitics & Dentofacial Orthopedics,3,
,,,,,MDS,Oral & Maxillofacial Pathology and Oral Microbiology,3,
27,"Chattisgarh Dental College & Research Institute, Rajnandgaon",Chhattisgarh,2001-02,Private,BDS,N/A,100,
,,,,,MDS,Oral Medicine & Radiology,3,
,,,,,MDS,Conservative Dentistry & Endodontics,3,
,,,,,MDS,Periodontology,3,
,,,,,MDS,Orthodonitics & Dentofacial Orthopedics,3,
,,,,,MDS,Prosthodontics and Crown & Bridge,3,
,,,,,MDS,Pediatric and Preventive Dentistry,3,
,,,,,MDS,Oral and Maxillofacial Surgery,2,
28,"Govt. Dental College, Raipur, Chhattisgarh",Chhattisgarh,2003-04,Govt.,MDS,Public Health Dentistry,3,
,,,,,MDS,Periodontology,3,
,,,,,MDS,Prosthodontics and Crown & Bridge,3,
,,,,,MDS,Orthodonitics & Dentofacial Orthopedics,3,
,,,,,MDS,Conservative Dentistry & Endodontics,3,
,,,,,MDS,Oral Medicine & Radiology,2,
,,,,,MDS,Pediatric and Preventive Dentistry,0,
,,,,,BDS,N/A,100,
,,,,,MDS,Oral & Maxillofacial Pathology and Oral Microbiology,3,
,,,,,MDS,Oral and Maxillofacial Surgery,3,
29,"Maitri College of Dentistry and Research Centre, Durg",Chhattisgarh,2005-06,Private,BDS,N/A,100,
,,,,,MDS,Prosthodontics and Crown & Bridge,3,
,,,,,MDS,Oral & Maxillofacial Pathology and Oral Microbiology,3,
,,,,,MDS,Periodontology,3,
,,,,,MDS,Pediatric and Preventive Dentistry,5,
,,,,,MDS,Oral Medicine & Radiology,3,
,,,,,MDS,Orthodonitics & Dentofacial Orthopedics,3,
,,,,,MDS,Conservative Dentistry & Endodontics,3,
30,"New Horizon Dental College & Research Instiute, Bilaspur",Chhattisgarh,2006-07,Private,MDS,Oral Medicine & Radiology,3,
,,,,,MDS,Oral and Maxillofacial Surgery,2,
,,,,,MDS,Pediatric and Preventive Dentistry,3,
,,,,,BDS,N/A,100,
,,,,,MDS,Prosthodontics and Crown & Bridge,3,
,,,,,MDS,Periodontology,3,
,,,,,MDS,Orthodonitics & Dentofacial Orthopedics,3,
,,,,,MDS,Conservative Dentistry & Endodontics,3,
31,"Rungta College of Dental Sciences & Research, Bhilai",Chhattisgarh,2005-06,Private,BDS,N/A,100,
,,,,,MDS,Prosthodontics and Crown & Bridge,5,
,,,,,MDS,Periodontology,5,
,,,,,MDS,Orthodonitics & Dentofacial Orthopedics,5,
,,,,,MDS,Oral Medicine & Radiology,3,
,,,,,MDS,Pediatric and Preventive Dentistry,5,
,,,,,MDS,Conservative Dentistry & Endodontics,5,
,,,,,MDS,Public Health Dentistry,3,
,,,,,MDS,Oral and Maxillofacial Surgery,3,
,,,,,MDS,Oral & Maxillofacial Pathology and Oral Microbiology,3,
32,"Shri Balaji Institute of Dental Sciences, Raipur",Chhattisgarh,,,BDS,N/A,100,
33,"Triveni Institute of Dental Sciences, Hosptial & Research Centre, Bilaspur",Chhattisgarh,2008-09,Private,MDS,Oral Medicine & Radiology,2,
,,,,,MDS,Periodontology,2,
,,,,,MDS,Conservative Dentistry & Endodontics,3,
,,,,,MDS,Prosthodontics and Crown & Bridge,2,
,,,,,MDS,Orthodonitics & Dentofacial Orthopedics,3,
,,,,,MDS,Pediatric and Preventive Dentistry,3,
,,,,,MDS,Oral & Maxillofacial Pathology and Oral Microbiology,3,
,,,,,BDS,N/A,100,
34,"Vaidik Dental College and Research Centre,",Daman & Diu,2009-10,Private,BDS,N/A,100,
35,"Army Hospital (Research and Referral) Delhi Cantt, Delhi",Delhi,2006-07,Govt.,MDS,Prosthodontics and Crown & Bridge,2,
,,,,,MDS,Oral and Maxillofacial Surgery,2,
,,,,,MDS,Periodontology,2,
,,,,,MDS,Orthodonitics & Dentofacial Orthopedics,2,
,,,,,MDS,Conservative Dentistry & Endodontics,2,
36,"ESIC Dental College, Rohini, New Delhi",Delhi,2010-11,Govt.,BDS,N/A,62,
37,"Faculty of Dentistry, Jamia Millia Islamia, New Delhi",Delhi,2009-10,Govt.,BDS,N/A,50,
38,Lady Hardinge Medical College & Smt. Sucheta Kriplani Hospital New Delhi,Delhi,,Govt.,MDS,Oral and Maxillofacial Surgery,2,
39,"Maulana Azad Dental College & Hospital, New Delhi",Delhi,1983-84,Govt.,MDS,Oral and Maxillofacial Surgery,2,
,,,,,MDS,Pediatric and Preventive Dentistry,2,
,,,,,MDS,Oral Medicine & Radiology,2,
,,,,,MDS,Oral & Maxillofacial Pathology and Oral Microbiology,2,
,,,,,MDS,Public Health Dentistry,2,
,,,,,MDS,Prosthodontics and Crown & Bridge,3,
,,,,,MDS,Orthodonitics & Dentofacial Orthopedics,3,
,,,,,MDS,Conservative Dentistry & Endodontics,3,
,,,,,MDS,Periodontology,3,
,,,,,BDS,N/A,50,
40,"University College of Medical Sciences, Dilshad Garden",Delhi,1971-72,Govt.,MDS,Pediatric and Preventive Dentistry,2,
,,,,,MDS,Orthodonitics & Dentofacial Orthopedics,2,
41,"Goa Dental College & Hospital, Goa",Goa,1980-81,Govt.,BDS,N/A,50,
,,,,,MDS,Prosthodontics and Crown & Bridge,3,
,,,,,MDS,Orthodonitics & Dentofacial Orthopedics,3,
,,,,,MDS,Oral Medicine & Radiology,3,
,,,,,MDS,Periodontology,3,
,,,,,MDS,Conservative Dentistry & Endodontics,3,
,,,,,MDS,Oral and Maxillofacial Surgery,3,
,,,,,MDS,Oral & Maxillofacial Pathology and Oral Microbiology,2,
,,,,,MDS,Pediatric and Preventive Dentistry,3,
,,,,,MDS,Public Health Dentistry,2,
42,"Ahmedabad Dental College & Hospital, Gandhinagar",Gujarat,2003-04,Private,MDS,Prosthodontics and Crown & Bridge,5,
,,,,,MDS,Oral & Maxillofacial Pathology and Oral Microbiology,5,
,,,,,MDS,Orthodonitics & Dentofacial Orthopedics,5,
,,,,,BDS,N/A,100,
,,,,,MDS,Pediatric and Preventive Dentistry,5,
,,,,,MDS,Oral Medicine & Radiology,5,
,,,,,MDS,Periodontology,5,
,,,,,MDS,Oral and Maxillofacial Surgery,4,
,,,,,MDS,Conservative Dentistry & Endodontics,5,
43,"AMC Dental College, Ahmedabad",Gujarat,2008-09,Govt.,BDS,N/A,125,
,,,,,MDS,Prosthodontics and Crown & Bridge,3,
,,,,,MDS,Oral and Maxillofacial Surgery,3,
,,,,,MDS,Orthodonitics & Dentofacial Orthopedics,3,
,,,,,MDS,Conservative Dentistry & Endodontics,3,
,,,,,MDS,Periodontology,3,
44,"College of Dental Sciences and Research Centre, Ahmedabad",Gujarat,2005-06,Private,BDS,N/A,100,
,,,,,MDS,Prosthodontics and Crown & Bridge,3,
,,,,,MDS,Periodontology,3,
,,,,,MDS,Pediatric and Preventive Dentistry,3,
,,,,,MDS,Oral & Maxillofacial Pathology and Oral Microbiology,3,
,,,,,MDS,Orthodonitics & Dentofacial Orthopedics,3,
,,,,,MDS,Conservative Dentistry & Endodontics,3,
,,,,,MDS,Oral and Maxillofacial Surgery,3,
,,,,,MDS,Oral Medicine & Radiology,3,
45,"College of Dental Sciences, Amargadh",Gujarat,2009-10,Private,MDS,Periodontology,3,
,,,,,MDS,Orthodonitics & Dentofacial Orthopedics,3,
,,,,,MDS,Oral Medicine & Radiology,3,
,,,,,BDS,N/A,100,
,,,,,MDS,Pediatric and Preventive Dentistry,3,
,,,,,MDS,Prosthodontics and Crown & Bridge,3,
,,,,,MDS,Conservative Dentistry & Endodontics,3,
46,"Faculty of Dental Science, Dharmsinh Desai University, Nadiad",Gujarat,2005-06,Private,MDS,Periodontology,3,
,,,,,MDS,Conservative Dentistry & Endodontics,3,
,,,,,MDS,Orthodonitics & Dentofacial Orthopedics,3,
,,,,,MDS,Oral and Maxillofacial Surgery,3,
,,,,,MDS,Oral & Maxillofacial Pathology and Oral Microbiology,3,
,,,,,BDS,N/A,100,
,,,,,MDS,Prosthodontics and Crown & Bridge,3,
47,"Goenka Research Institute of Dental Sciences, Gandhinagar",Gujarat,2011-12,Private,BDS,N/A,100,* disapprove/surrender in O.M. as per the request of the college from the academic session 2018-19
,,,,,MDS,Orthodonitics & Dentofacial Orthopedics,5,
,,,,,MDS,Periodontology,2,
,,,,,MDS,Conservative Dentistry & Endodontics,5,
,,,,,MDS,Prosthodontics and Crown & Bridge,5,
,,,,,MDS,Oral and Maxillofacial Surgery,6,
48,"Govt. Dental College & Hospital, Ahmedabad",Gujarat,1963-64,Govt.,MDS,Conservative Dentistry & Endodontics,6,
,,,,,MDS,Prosthodontics and Crown & Bridge,6,
,,,,,MDS,Periodontology,6,
,,,,,MDS,Oral & Maxillofacial Pathology and Oral Microbiology,6,
,,,,,MDS,Oral Medicine & Radiology,4,
,,,,,MDS,Oral and Maxillofacial Surgery,5,
,,,,,MDS,Orthodonitics & Dentofacial Orthopedics,5,
,,,,,MDS,Pediatric and Preventive Dentistry,3,
,,,,,MDS,Public Health Dentistry,3,
,,,,,BDS,N/A,125,
49,"Govt. Dental College Hospital, Jamnagar",Gujarat,1991-92,Govt.,MDS,Conservative Dentistry & Endodontics,3,
,,,,,MDS,Prosthodontics and Crown & Bridge,3,
,,,,,MDS,Oral and Maxillofacial Surgery,3,
,,,,,MDS,Oral & Maxillofacial Pathology and Oral Microbiology,3,
,,,,,MDS,Oral Medicine & Radiology,3,
,,,,,BDS,N/A,125,
,,,,,MDS,Periodontology,4,
50,"K.M. Shah Dental College & Hospital, Vadodara",Gujarat,1999-00,Private,BDS,N/A,100,
,,,,,MDS,Conservative Dentistry & Endodontics,5,
,,,,,MDS,Prosthodontics and Crown & Bridge,6,
,,,,,MDS,Oral & Maxillofacial Pathology and Oral Microbiology,6,
,,,,,MDS,Periodontology,6,
,,,,,MDS,Oral and Maxillofacial Surgery,5,
,,,,,MDS,Public Health Dentistry,3,
,,,,,MDS,Orthodonitics & Dentofacial Orthopedics,4,
,,,,,MDS,Pediatric and Preventive Dentistry,6,
,,,,,MDS,Oral Medicine & Radiology,3,
51,"Karnavati School of Dentistry, Gandhinagar",Gujarat,2005-06,Private,BDS,N/A,100,
,,,,,MDS,Prosthodontics and Crown & Bridge,3,
,,,,,MDS,Periodontology,3,
,,,,,MDS,Conservative Dentistry & Endodontics,3,
,,,,,MDS,Orthodonitics & Dentofacial Orthopedics,3,
,,,,,MDS,Pediatric and Preventive Dentistry,3,
,,,,,MDS,Oral and Maxillofacial Surgery,3,
52,"Manubhai Patel Dental College & Dental Hospital & SSR General Hospital, Vadodara",Gujarat,2000-01,Private,MDS,Periodontology,3,
,,,,,MDS,Oral & Maxillofacial Pathology and Oral Microbiology,3,
,,,,,MDS,Orthodonitics & Dentofacial Orthopedics,3,
,,,,,MDS,Conservative Dentistry & Endodontics,3,
,,,,,BDS,N/A,40,
,,,,,MDS,Prosthodontics and Crown & Bridge,3,
53,"Narsinhbhai Patel Dental College & Hospital, Visnagar",Gujarat,2006-07,Private,BDS,N/A,100,
,,,,,MDS,Prosthodontics and Crown & Bridge,5,
,,,,,MDS,Periodontology,3,
,,,,,MDS,Oral and Maxillofacial Surgery,3,
,,,,,MDS,Oral Medicine & Radiology,3,
,,,,,MDS,Orthodonitics & Dentofacial Orthopedics,5,
,,,,,MDS,Conservative Dentistry & Endodontics,5,
,,,,,MDS,Pediatric and Preventive Dentistry,3,
,,,,,MDS,Public Health Dentistry,3,
,,,,,MDS,Oral & Maxillofacial Pathology and Oral Microbiology,3,
54,"Siddhpur Dental College, Patan",Gujarat,2012-13,Govt.,BDS,N/A,125,
55,"D.A.V. Centenary Dental College, Yamuna nagar",Haryana,1987-88,Private,MDS,Orthodonitics & Dentofacial Orthopedics,3,
,,,,,BDS,N/A,50,
,,,,,MDS,Prosthodontics and Crown & Bridge,3,
,,,,,MDS,Oral and Maxillofacial Surgery,3,
,,,,,MDS,Periodontology,3,
,,,,,MDS,Pediatric and Preventive Dentistry,3,
,,,,,MDS,Conservative Dentistry & Endodontics,3,
56,"Jan Nayak Ch. Devi Lal Dental College, Sirsa",Haryana,2005-06,Private,BDS,N/A,100,"DCI recommended to reduce BDS seats from 100 to 50 for AY 2025-26, final decision awaited"
,,,,,MDS,Prosthodontics and Crown & Bridge,2,
,,,,,MDS,Periodontology,2,
,,,,,MDS,Conservative Dentistry & Endodontics,2,
,,,,,MDS,Orthodonitics & Dentofacial Orthopedics,2,
57,"Maharishi Markandeshwar College of Dental Sciences & Research, Mullana",Haryana,2000-01,Private,MDS,Oral & Maxillofacial Pathology and Oral Microbiology,3,* P.G. seats reduced in the specialities of (i) Oral Medicine & Radiology from 4 to 3 seats and (ii) Oral Pathology & Microbiology from 4 to 3 seats from the academic session 2019-20.
,,,,,MDS,Orthodonitics & Dentofacial Orthopedics,6,
,,,,,MDS,Oral Medicine & Radiology,3,
,,,,,MDS,Public Health Dentistry,3,
,,,,,MDS,Prosthodontics and Crown & Bridge,6,
,,,,,MDS,Oral and Maxillofacial Surgery,6,
,,,,,MDS,Periodontology,5,
,,,,,MDS,Conservative Dentistry & Endodontics,6,
,,,,,BDS,N/A,100,
,,,,,MDS,Pediatric and Preventive Dentistry,6,
58,"Manav Rachana Dental College, Faridabad",Haryana,2006-07,Private,MDS,Periodontology,3,
,,,,,MDS,Pediatric and Preventive Dentistry,3,
,,,,,MDS,Orthodonitics & Dentofacial Orthopedics,5,
,,,,,MDS,Conservative Dentistry & Endodontics,5,
,,,,,BDS,N/A,100,
,,,,,MDS,Prosthodontics and Crown & Bridge,5,
59,"PDM Dental College & Research Institute, Jhajjar",Haryana,2006-07,Private,BDS,N/A,0,Admissions to both UG (BDS) and PG (MDS) courses stopped from Academic Session 2025-26 as per GOI letter No. V.12017/10/2025-DE(Pt.I) dated 25.06.2025
,,,,,MDS,Prosthodontics and Crown & Bridge,0,
,,,,,MDS,Periodontology,0,
,,,,,MDS,Oral and Maxillofacial Surgery,0,
,,,,,MDS,Conservative Dentistry & Endodontics,0,
,,,,,MDS,Pediatric and Preventive Dentistry,0,
,,,,,MDS,Orthodonitics & Dentofacial Orthopedics,0,
,,,,,MDS,Oral Medicine & Radiology,0,
,,,,,MDS,Oral & Maxillofacial Pathology and Oral Microbiology,0,
60,"Post Graduate Institute of Dental Sciences, Rohtak",Haryana,1980-81,Govt.,BDS,N/A,100,
,,,,,MDS,Prosthodontics and Crown & Bridge,3,
,,,,,MDS,Orthodonitics & Dentofacial Orthopedics,3,
,,,,,MDS,Pediatric and Preventive Dentistry,3,
,,,,,MDS,Conservative Dentistry & Endodontics,6,
,,,,,MDS,Periodontology,6,
,,,,,MDS,Oral and Maxillofacial Surgery,3,
,,,,,MDS,Public Health Dentistry,3,
,,,,,MDS,Oral & Maxillofacial Pathology and Oral Microbiology,3,
,,,,,MDS,Oral Medicine & Radiology,3,
61,"Sri Govind Tricentenary Dental College, Hospital & Research Institute",Haryana,2002-03,Private,MDS,Oral Medicine & Radiology,6,
,,,,,MDS,Oral & Maxillofacial Pathology and Oral Microbiology,2,
,,,,,MDS,Public Health Dentistry,2,
,,,,,MDS,Prosthodontics and Crown & Bridge,6,
,,,,,MDS,Periodontology,6,
,,,,,MDS,Oral and Maxillofacial Surgery,6,
,,,,,MDS,Conservative Dentistry & Endodontics,6,
,,,,,MDS,Orthodonitics & Dentofacial Orthopedics,6,
,,,,,MDS,Pediatric and Preventive Dentistry,6,
,,,,,BDS,N/A,100,
62,"Sudha Rustagi College of Dental Sciences & Research,Faridabad",Haryana,2002-03,Private,MDS,Oral and Maxillofacial Surgery,3,
,,,,,MDS,Conservative Dentistry & Endodontics,5,
,,,,,MDS,Public Health Dentistry,2,
,,,,,MDS,Orthodonitics & Dentofacial Orthopedics,5,
,,,,,MDS,Oral & Maxillofacial Pathology and Oral Microbiology,2,
,,,,,MDS,Periodontology,2,
,,,,,MDS,Pediatric and Preventive Dentistry,3,
,,,,,BDS,N/A,100,
,,,,,MDS,Prosthodontics and Crown & Bridge,5,
63,"Swami Devi Dyal Hospital & Dental College, Panchkula",Haryana,2004-05,Private,BDS,N/A,100,"GOI vide letter dated 18.10.2024 reduced BDS seats from 100 to 50 for AY 2024-25; final decision for 2025-26 is awaited. However, admissions is allowed as per court order dated 29.10.2024, in CWP No. 29609-2024"
,,,,,MDS,Prosthodontics and Crown & Bridge,3,
,,,,,MDS,Periodontology,3,
,,,,,MDS,Conservative Dentistry & Endodontics,3,
,,,,,MDS,Oral & Maxillofacial Pathology and Oral Microbiology,3,
,,,,,MDS,Public Health Dentistry,3,
,,,,,MDS,Pediatric and Preventive Dentistry,3,
,,,,,MDS,Oral and Maxillofacial Surgery,3,
,,,,,MDS,Oral Medicine & Radiology,3,
,,,,,MDS,Orthodonitics & Dentofacial Orthopedics,3,
64,"Yamuna Institute of Dental Sciences & Research, Yamuna Nagar",Haryana,2012-13,Private,BDS,N/A,100,
65,"Bhojia Dental College & Hospital, Nalagarh",Himachal Pradesh,1999-00,Private,MDS,Pediatric and Preventive Dentistry,2,
,,,,,MDS,Oral & Maxillofacial Pathology and Oral Microbiology,2,
,,,,,BDS,N/A,60,
,,,,,MDS,Prosthodontics and Crown & Bridge,5,
,,,,,MDS,Conservative Dentistry & Endodontics,5,
,,,,,MDS,Periodontology,2,
,,,,,MDS,Orthodonitics & Dentofacial Orthopedics,5,
66,"H.P. Govt. Dental College & Hospital, Shimla",Himachal Pradesh,1994-95,Govt.,MDS,Pediatric and Preventive Dentistry,3,
,,,,,MDS,Periodontology,3,
,,,,,MDS,Oral and Maxillofacial Surgery,3,
,,,,,MDS,Orthodonitics & Dentofacial Orthopedics,3,
,,,,,MDS,Public Health Dentistry,2,
,,,,,MDS,Prosthodontics and Crown & Bridge,3,
,,,,,MDS,Conservative Dentistry & Endodontics,3,
,,,,,MDS,Oral Medicine & Radiology,3,
,,,,,BDS,N/A,75,
67,"Himachal Dental College, Sunder Nagar",Himachal Pradesh,1994-95,Private,MDS,Orthodonitics & Dentofacial Orthopedics,6,
,,,,,MDS,Periodontology,5,
,,,,,MDS,Conservative Dentistry & Endodontics,6,
,,,,,BDS,N/A,60,
,,,,,MDS,Prosthodontics and Crown & Bridge,6,
,,,,,MDS,Pediatric and Preventive Dentistry,6,
68,"Himachal Institute of Dental Sciences, Poanta Sahib",Himachal Pradesh,2003-04,Private,MDS,Pediatric and Preventive Dentistry,3,
,,,,,MDS,Oral and Maxillofacial Surgery,3,
,,,,,MDS,Orthodonitics & Dentofacial Orthopedics,5,
,,,,,MDS,Conservative Dentistry & Endodontics,5,
,,,,,BDS,N/A,100,
,,,,,MDS,Prosthodontics and Crown & Bridge,5,
,,,,,MDS,Periodontology,5,
,,,,,MDS,Oral & Maxillofacial Pathology and Oral Microbiology,3,
69,"M.N.D.A.V. Dental College & Hospital, Solan",Himachal Pradesh,1997-98,Private,BDS,N/A,0,"GOI vide letter No. V.12017/09/2023-DE dated 06.09.2023 directed to shift the students studying in MNDAV Dental College, Solan (HP)"
70,"Govt. Dental College, Srinagar",Jammu & Kashmir,1985-86,Govt.,MDS,Periodontology,4,
,,,,,MDS,Prosthodontics and Crown & Bridge,4,
,,,,,MDS,Oral Medicine & Radiology,3,
,,,,,MDS,Orthodonitics & Dentofacial Orthopedics,3,
,,,,,MDS,Pediatric and Preventive Dentistry,3,
,,,,,MDS,Oral & Maxillofacial Pathology and Oral Microbiology,3,
,,,,,BDS,N/A,63,
,,,,,MDS,Oral and Maxillofacial Surgery,4,
,,,,,MDS,Conservative Dentistry & Endodontics,4,
71,"Indira Gandhi Government Dental College, Jammu",Jammu & Kashmir,2004-05,Govt.,BDS,N/A,63,
,,,,,MDS,Periodontology,2,
,,,,,MDS,Pediatric and Preventive Dentistry,2,
,,,,,MDS,Oral and Maxillofacial Surgery,2,
,,,,,MDS,Oral & Maxillofacial Pathology and Oral Microbiology,2,
,,,,,MDS,Orthodonitics & Dentofacial Orthopedics,2,
,,,,,MDS,Prosthodontics and Crown & Bridge,2,
,,,,,MDS,Conservative Dentistry & Endodontics,2,
,,,,,MDS,Public Health Dentistry,3,
72,"Institute of Dental Sciences, Sehora",Jammu & Kashmir,2006-07,Private,BDS,N/A,100,
73,"Awadh Dental College & Hospital, Jamshedpur",Jharkhand,2007-08,Private,MDS,Oral Medicine & Radiology,3,
,,,,,MDS,Prosthodontics and Crown & Bridge,6,
,,,,,MDS,Orthodonitics & Dentofacial Orthopedics,6,
,,,,,MDS,Periodontology,6,
,,,,,MDS,Conservative Dentistry & Endodontics,6,
,,,,,BDS,N/A,100,
,,,,,MDS,Oral & Maxillofacial Pathology and Oral Microbiology,5,
,,,,,MDS,Pediatric and Preventive Dentistry,6,
,,,,,MDS,Oral and Maxillofacial Surgery,6,
74,"Dental Institute Rajendra Institute of Medical Sciences, Ranchi",Jharkhand,2017-18,Govt.,BDS,N/A,63,
75,"Hazaribag College of Dental Sciences and Hospital, Hazaribag",Jharkhand,2006-07,Private,BDS,N/A,100,
,,,,,MDS,Conservative Dentistry & Endodontics,2,
,,,,,MDS,Prosthodontics and Crown & Bridge,2,
,,,,,MDS,Orthodonitics & Dentofacial Orthopedics,2,
,,,,,MDS,Periodontology,3,
,,,,,MDS,Pediatric and Preventive Dentistry,2,
,,,,,MDS,Oral Medicine & Radiology,2,
76,"Vananchal Dental College & Hospital, Garhwa",Jharkhand,2007-08,Private,MDS,Oral & Maxillofacial Pathology and Oral Microbiology,3,GOI vide dated 01.04.2024 reduced BDS seats from 100 to 50 for AY 2024-25; final decision for 2025-26 is awaited
,,,,,MDS,Oral Medicine & Radiology,3,
,,,,,BDS,N/A,50,
,,,,,MDS,Orthodonitics & Dentofacial Orthopedics,2,
,,,,,MDS,Pediatric and Preventive Dentistry,2,
,,,,,MDS,Prosthodontics and Crown & Bridge,2,
,,,,,MDS,Periodontology,2,
,,,,,MDS,Conservative Dentistry & Endodontics,2,
77,"A.B. Shetty Memorial Institute of Dental Sciences, Mangalore",Karnataka,1985-86,Private,MDS,Oral and Maxillofacial Surgery,8,"(Prosthodontics and Crown and Bridge-9 seats instead of 10) permitted from 2010-11 onwards, as per MDS Regulations 2007 under deemed University)"
,,,,,MDS,Periodontology,5,
,,,,,MDS,Oral & Maxillofacial Pathology and Oral Microbiology,2,
,,,,,MDS,Pediatric and Preventive Dentistry,6,
,,,,,MDS,Oral Medicine & Radiology,2,
,,,,,BDS,N/A,100,
,,,,,MDS,Prosthodontics and Crown & Bridge,9,
,,,,,MDS,Conservative Dentistry & Endodontics,8,
,,,,,MDS,Orthodonitics & Dentofacial Orthopedics,9,
78,"A.J. Institute of Dental Sciences, Mangalore",Karnataka,2002-03,Private,MDS,Pediatric and Preventive Dentistry,6,
,,,,,MDS,Conservative Dentistry & Endodontics,6,
,,,,,MDS,Prosthodontics and Crown & Bridge,6,
,,,,,MDS,Public Health Dentistry,3,
,,,,,MDS,Oral and Maxillofacial Surgery,6,
,,,,,MDS,Periodontology,6,
,,,,,PG Diploma,Periodontology,1,
,,,,,BDS,N/A,100,
,,,,,MDS,Oral & Maxillofacial Pathology and Oral Microbiology,6,
,,,,,MDS,Oral Medicine & Radiology,6,
,,,,,MDS,Orthodonitics & Dentofacial Orthopedics,6,
,,,,,PG Diploma,Orthodonitics & Dentofacial Orthopedics,1,
,,,,,PG Diploma,Conservative Dentistry & Endodontics,1,
,,,,,PG Diploma,Prosthodontics and Crown & Bridge,1,
79,"Al Ameen Dental College & Hospital, Bijapur",Karnataka,1992-93,Private,BDS,N/A,40,
,,,,,MDS,Oral and Maxillofacial Surgery,2,
,,,,,MDS,Orthodonitics & Dentofacial Orthopedics,2,
80,"Al-Badar Rural Dental College & Hospital, Gulbarga",Karnataka,1992-93,Private,BDS,N/A,100,
,,,,,MDS,Oral Medicine & Radiology,5,
,,,,,MDS,Oral and Maxillofacial Surgery,5,
,,,,,MDS,Orthodonitics & Dentofacial Orthopedics,5,
,,,,,MDS,Prosthodontics and Crown & Bridge,5,
,,,,,MDS,Periodontology,3,
,,,,,MDS,Conservative Dentistry & Endodontics,5,
,,,,,MDS,Oral & Maxillofacial Pathology and Oral Microbiology,2,
81,"AME’s Dental College & Hospital, Raichur",Karnataka,1991-92,Private,MDS,Conservative Dentistry & Endodontics,3,
,,,,,MDS,Orthodonitics & Dentofacial Orthopedics,3,
,,,,,MDS,Periodontology,3,
,,,,,MDS,Prosthodontics and Crown & Bridge,3,
,,,,,MDS,Oral Medicine & Radiology,3,
,,,,,MDS,Pediatric and Preventive Dentistry,3,
,,,,,BDS,N/A,40,
82,"Bangalore Institute of Dental Sciences & Hospital, Bangalore",Karnataka,1991-92,Private,BDS,N/A,50,GOI vide its letter No. V.12017/13/2024-DE dated 28.05.2024 reduced the BDS seats from 60 to 50 as per college request
,,,,,MDS,Oral and Maxillofacial Surgery,3,
,,,,,MDS,Pediatric and Preventive Dentistry,3,
,,,,,MDS,Public Health Dentistry,3,
,,,,,MDS,Oral Medicine & Radiology,3,
,,,,,MDS,Prosthodontics and Crown & Bridge,3,
,,,,,MDS,Conservative Dentistry & Endodontics,3,
,,,,,MDS,Orthodonitics & Dentofacial Orthopedics,3,
,,,,,MDS,Periodontology,3,
83,"Bapuji Dental College & Hospital, Davangere",Karnataka,1979-80,Private,MDS,Periodontology,6,
,,,,,MDS,Conservative Dentistry & Endodontics,6,
,,,,,MDS,Oral and Maxillofacial Surgery,6,
,,,,,MDS,Prosthodontics and Crown & Bridge,6,
,,,,,MDS,Oral Medicine & Radiology,4,
,,,,,MDS,Pediatric and Preventive Dentistry,6,
,,,,,MDS,Public Health Dentistry,3,
,,,,,MDS,Oral & Maxillofacial Pathology and Oral Microbiology,2,
,,,,,MDS,Orthodonitics & Dentofacial Orthopedics,6,
,,,,,BDS,N/A,100,
84,"College of Dental Sciences, Davangere",Karnataka,1991-92,Private,BDS,N/A,100,
,,,,,MDS,Oral & Maxillofacial Pathology and Oral Microbiology,4,
,,,,,MDS,Oral Medicine & Radiology,4,
,,,,,MDS,Public Health Dentistry,3,
,,,,,MDS,Oral and Maxillofacial Surgery,6,
,,,,,MDS,Pediatric and Preventive Dentistry,6,
,,,,,MDS,Orthodonitics & Dentofacial Orthopedics,6,
,,,,,MDS,Periodontology,6,
,,,,,MDS,Conservative Dentistry & Endodontics,6,
,,,,,MDS,Prosthodontics and Crown & Bridge,6,
85,"Coorg Institute of Dental Sciences, Virajpat",Karnataka,1999-00,Private,BDS,N/A,40,
,,,,,MDS,Oral Medicine & Radiology,3,
,,,,,MDS,Oral and Maxillofacial Surgery,3,
,,,,,MDS,Pediatric and Preventive Dentistry,3,
,,,,,MDS,Prosthodontics and Crown & Bridge,6,
,,,,,MDS,Public Health Dentistry,3,
,,,,,MDS,Orthodonitics & Dentofacial Orthopedics,6,
,,,,,MDS,Oral & Maxillofacial Pathology and Oral Microbiology,3,
,,,,,MDS,Periodontology,6,
,,,,,MDS,Conservative Dentistry & Endodontics,6,
86,"D.A. Pandu Memorial R.V. Dental College, Bangalore",Karnataka,1992-93,Private,PG Diploma,Conservative Dentistry & Endodontics,1,GOI vide letter No. 12025/342024-DE dated 01.04.2024 reduced the BDS seats from 60 to 50 as per college request
,,,,,PG Diploma,Orthodonitics & Dentofacial Orthopedics,1,
,,,,,PG Diploma,Prosthodontics and Crown & Bridge,1,
,,,,,BDS,N/A,50,
,,,,,MDS,Oral Medicine & Radiology,3,
,,,,,MDS,Orthodonitics & Dentofacial Orthopedics,5,
,,,,,MDS,Conservative Dentistry & Endodontics,5,
,,,,,MDS,Pediatric and Preventive Dentistry,3,
,,,,,MDS,Periodontology,3,
,,,,,MDS,Oral & Maxillofacial Pathology and Oral Microbiology,3,
,,,,,MDS,Public Health Dentistry,2,
,,,,,MDS,Prosthodontics and Crown & Bridge,3,
,,,,,MDS,Oral and Maxillofacial Surgery,2,
87,"Dayanand Sagar College of Dental Sciences, Bangalore",Karnataka,1991-92,Private,MDS,Orthodonitics & Dentofacial Orthopedics,5,GOI vide its letter No. V.12017/12/2024-DE dated 28.05.2024 reduced the BDS seats from 60 to 50 as per college request
,,,,,MDS,Prosthodontics and Crown & Bridge,2,
,,,,,MDS,Periodontology,2,
,,,,,BDS,N/A,50,
,,,,,MDS,Oral and Maxillofacial Surgery,2,
,,,,,MDS,Conservative Dentistry & Endodontics,6,
88,"Dr. Syamala Reddy Dental College, Hospital & Research Centre, Bangalore",Karnataka,1991-92,Private,BDS,N/A,0,Admisison stopped - GOI vide letter No. 12017/122/2022-DE dated 16.09.2022 directed the college to not to admit any student in BDS & MDS courses from the AY 2022-23 Admission stopped as per GOI letter No. V.12017/122/2022-DE dated 16.09.2022 from the academic year 2022-23 onwards.
,,,,,MDS,Prosthodontics and Crown & Bridge,0,
,,,,,MDS,Orthodonitics & Dentofacial Orthopedics,0,
,,,,,MDS,Conservative Dentistry & Endodontics,0,
,,,,,MDS,Oral Medicine & Radiology,0,
,,,,,MDS,Oral and Maxillofacial Surgery,0,
,,,,,MDS,Periodontology,0,
,,,,,MDS,Pediatric and Preventive Dentistry,0,
,,,,,MDS,Oral & Maxillofacial Pathology and Oral Microbiology,0,
,,,,,MDS,Public Health Dentistry,0,
89,"ESIC Dental College, Gulbarga",Karnataka,2017-18,Govt.,MDS,Prosthodontics and Crown & Bridge,3,
,,,,,MDS,Conservative Dentistry & Endodontics,3,
,,,,,BDS,N/A,62,
,,,,,MDS,Oral and Maxillofacial Surgery,3,
90,"Farooqia Dental College & Hospital, Mysore",Karnataka,1992-93,Private,MDS,Oral Medicine & Radiology,0,GOI vide letter dated 29.08.2023 stopped the admissions of BDS/MDS from the AY 2023-24 DCI recommended to GOI to stop admissions. GOI decision awaited
,,,,,MDS,Conservative Dentistry & Endodontics,0,
,,,,,MDS,Orthodonitics & Dentofacial Orthopedics,0,
,,,,,MDS,Oral & Maxillofacial Pathology and Oral Microbiology,0,
,,,,,MDS,Periodontology,0,
,,,,,MDS,Prosthodontics and Crown & Bridge,0,
,,,,,MDS,Oral and Maxillofacial Surgery,0,
,,,,,BDS,N/A,0,
91,"Govt. Dental College & Research Institute, Bellary",Karnataka,2008-09,Govt.,BDS,N/A,63,
92,"Govt. Dental College, Bangalore",Karnataka,1964-65,Govt.,MDS,Conservative Dentistry & Endodontics,3,
,,,,,MDS,Prosthodontics and Crown & Bridge,3,
,,,,,MDS,Oral & Maxillofacial Pathology and Oral Microbiology,3,
,,,,,MDS,Pediatric and Preventive Dentistry,3,
,,,,,BDS,N/A,60,
,,,,,MDS,Orthodonitics & Dentofacial Orthopedics,3,
,,,,,MDS,Oral and Maxillofacial Surgery,3,
,,,,,MDS,Periodontology,3,
,,,,,MDS,Oral Medicine & Radiology,3,
,,,,,MDS,Public Health Dentistry,3,
93,"H.K.D.E.Ts Dental College, Hospital & Research Institute, Humnabad",Karnataka,1992-93,Private,BDS,N/A,40,
94,"H.K.E. Society's, S. Nijalingappa Institute of Dental Sciences & Research",Karnataka,1986-87,Private,BDS,N/A,100,
,,,,,MDS,Periodontology,3,
,,,,,MDS,Prosthodontics and Crown & Bridge,5,
,,,,,MDS,Conservative Dentistry & Endodontics,5,
,,,,,MDS,Orthodonitics & Dentofacial Orthopedics,5,
,,,,,MDS,Oral and Maxillofacial Surgery,5,
,,,,,MDS,Oral & Maxillofacial Pathology and Oral Microbiology,3,
95,"JSS Dental College & Hospital, Mysore",Karnataka,1986-87,Private,MDS,Pediatric and Preventive Dentistry,4,
,,,,,MDS,Oral & Maxillofacial Pathology and Oral Microbiology,2,
,,,,,MDS,Orthodonitics & Dentofacial Orthopedics,4,
,,,,,MDS,Prosthodontics and Crown & Bridge,5,
,,,,,MDS,Oral Medicine & Radiology,4,
,,,,,BDS,N/A,100,
,,,,,MDS,Periodontology,4,
,,,,,MDS,Oral and Maxillofacial Surgery,4,
,,,,,MDS,Conservative Dentistry & Endodontics,5,
,,,,,MDS,Public Health Dentistry,2,
96,"K.G.F. College of Dental Sciences & Hospital, KGF",Karnataka,1991-92,Private,BDS,N/A,50,GOI vide letter No. V.12017/28/2023-DE(Pt) dated 31.05.2024 granted permission to increase of seats from 40 to 50 for the AY 2024-25
,,,,,MDS,Conservative Dentistry & Endodontics,3,
,,,,,MDS,Orthodonitics & Dentofacial Orthopedics,3,
,,,,,MDS,Prosthodontics and Crown & Bridge,2,
97,"K.V.G. Dental College & Hospital, Sullia",Karnataka,1991-92,Private,BDS,N/A,100,
,,,,,MDS,Prosthodontics and Crown & Bridge,6,
,,,,,MDS,Orthodonitics & Dentofacial Orthopedics,6,
,,,,,MDS,Public Health Dentistry,2,
,,,,,PG Diploma,Orthodonitics & Dentofacial Orthopedics,2,
,,,,,MDS,Oral and Maxillofacial Surgery,6,
,,,,,MDS,Pediatric and Preventive Dentistry,5,
,,,,,MDS,Periodontology,5,
,,,,,MDS,Oral Medicine & Radiology,3,
,,,,,MDS,Oral & Maxillofacial Pathology and Oral Microbiology,3,
,,,,,MDS,Conservative Dentistry & Endodontics,5,
98,"KLE Society’s Institute of Dental Sciences,Bangalore",Karnataka,1992-93,Private,BDS,N/A,50,(as per GOI letter NO.V.12017/97-DE (Vol.III) DATED 11.10.2010 college directed to reduce one seat each in Orthodontics & Dentofacial Orthopedics tics & Dentofacial Orthopedics and Prosthodontics and Crown and Bridge dontics and Crown & Bridge for 2011-12 from management quota and one seat in Prosthodontics and Crown and Bridge dontics and Crown & Bridge in 2012-13 & 2013-14 from management quota)
,,,,,MDS,Oral Medicine & Radiology,2,
,,,,,MDS,Oral and Maxillofacial Surgery,3,
,,,,,MDS,Prosthodontics and Crown & Bridge,5,
,,,,,MDS,Conservative Dentistry & Endodontics,2,
,,,,,MDS,Pediatric and Preventive Dentistry,2,
,,,,,MDS,Periodontology,2,
,,,,,MDS,Public Health Dentistry,3,
,,,,,MDS,Orthodonitics & Dentofacial Orthopedics,5,
99,"KLE Vishwanath Katti Institute of Dental Sciences, Belgaum",Karnataka,1985-86,Private,MDS,Public Health Dentistry,3,(as per GOI letter NO.V.12017/97-DE (Vol.III) DATED 11.10.2010 college directed to reduce one seat each in Orthodontics & Dentofacial Orthopedics tics & Dentofacial Orthopedics and Prosthodontics and Crown and Bridge dontics and Crown & Bridge for 2011-12 from management quota and one seat in Prosthodontics and Crown and Bridge dontics and Crown & Bridge in 2012-13 & 2013-14 from management quota)
,,,,,MDS,Pediatric and Preventive Dentistry,2,
,,,,,MDS,Oral Medicine & Radiology,3,
,,,,,BDS,N/A,100,
,,,,,MDS,Oral and Maxillofacial Surgery,6,
,,,,,MDS,Periodontology,5,
,,,,,MDS,Prosthodontics and Crown & Bridge,6,
,,,,,MDS,Oral & Maxillofacial Pathology and Oral Microbiology,4,
,,,,,MDS,Conservative Dentistry & Endodontics,5,
,,,,,MDS,Orthodonitics & Dentofacial Orthopedics,6,
100,"Krishnadevaraya College of Dental Sciences & Hospital, Bangalore",Karnataka,1992-93,Private,BDS,N/A,50,GOI vide letter No. 12025/33/2024-DE dated 01.04.2024 reduced the BDS seats from 60 to 50 as per college request
,,,,,MDS,Orthodonitics & Dentofacial Orthopedics,5,
,,,,,MDS,Periodontology,6,
,,,,,MDS,Conservative Dentistry & Endodontics,6,
,,,,,MDS,Oral and Maxillofacial Surgery,3,
,,,,,MDS,Prosthodontics and Crown & Bridge,5,
,,,,,MDS,Oral & Maxillofacial Pathology and Oral Microbiology,5,
,,,,,MDS,Pediatric and Preventive Dentistry,3,
,,,,,MDS,Public Health Dentistry,3,
,,,,,MDS,Oral Medicine & Radiology,2,
101,"M.R. Ambedkar Dental College & Hospital, Bangalore",Karnataka,1986-87,Private,MDS,Oral and Maxillofacial Surgery,5,
,,,,,MDS,Pediatric and Preventive Dentistry,3,
,,,,,MDS,Oral & Maxillofacial Pathology and Oral Microbiology,2,
,,,,,MDS,Conservative Dentistry & Endodontics,5,
,,,,,MDS,Public Health Dentistry,2,
,,,,,BDS,N/A,100,
,,,,,MDS,Prosthodontics and Crown & Bridge,6,
,,,,,MDS,Periodontology,6,
,,,,,MDS,Orthodonitics & Dentofacial Orthopedics,6,
,,,,,MDS,Oral Medicine & Radiology,3,
102,"M.S. Ramaiah Dental College, Bangalore",Karnataka,1991-92,Private,MDS,Oral Medicine & Radiology,3,GOI vide its letter No. V.12017/34/2024-DE dated 28.05.2024 reduced the BDS seats from 60 to 50 as per college request
,,,,,MDS,Oral & Maxillofacial Pathology and Oral Microbiology,3,
,,,,,MDS,Conservative Dentistry & Endodontics,5,
,,,,,MDS,Prosthodontics and Crown & Bridge,5,
,,,,,MDS,Oral and Maxillofacial Surgery,6,
,,,,,MDS,Orthodonitics & Dentofacial Orthopedics,5,
,,,,,MDS,Public Health Dentistry,2,
,,,,,MDS,Pediatric and Preventive Dentistry,6,
,,,,,BDS,N/A,50,
,,,,,MDS,Periodontology,5,
103,"Manipal College of Dental Sciences, Mangalore",Karnataka,1987-88,Private,BDS,N/A,100,"As per GOI letter No.V12025/124/2022-DE dated 10.01.2023, the PG Diploma (DM) with 3 seats has been discontinued from the Academic session 2022-23"
,,,,,MDS,Oral & Maxillofacial Pathology and Oral Microbiology,3,
,,,,,MDS,Orthodonitics & Dentofacial Orthopedics,5,
,,,,,MDS,Prosthodontics and Crown & Bridge,3,
,,,,,MDS,Periodontology,3,
,,,,,MDS,Pediatric and Preventive Dentistry,3,
,,,,,MDS,Conservative Dentistry & Endodontics,5,
,,,,,MDS,Oral and Maxillofacial Surgery,3,
,,,,,MDS,Public Health Dentistry,3,
,,,,,MDS,Oral Medicine & Radiology,3,
104,"Manipal College of Dental Sciences, Manipal",Karnataka,1965-66,Private,MDS,Public Health Dentistry,2,"As per GOI letter No.V12025/124/2022-DE dated 10.01.2023, the PG Diploma (DM) with 3 seats has been discontinued from the Academic session 2022-23"
,,,,,MDS,Periodontology,6,
,,,,,MDS,Prosthodontics and Crown & Bridge,6,
,,,,,MDS,Oral and Maxillofacial Surgery,3,
,,,,,MDS,Oral Medicine & Radiology,3,
,,,,,MDS,Oral & Maxillofacial Pathology and Oral Microbiology,3,
,,,,,MDS,Pediatric and Preventive Dentistry,3,
,,,,,BDS,N/A,100,
,,,,,MDS,Orthodonitics & Dentofacial Orthopedics,3,
,,,,,MDS,Conservative Dentistry & Endodontics,6,
105,"Maratha Mandal’s Dental College & Research Centre, Belgaum",Karnataka,1992-93,Private,BDS,N/A,50,
,,,,,MDS,Prosthodontics and Crown & Bridge,5,
,,,,,MDS,Conservative Dentistry & Endodontics,5,
,,,,,MDS,Periodontology,5,
,,,,,MDS,Orthodonitics & Dentofacial Orthopedics,3,
,,,,,MDS,Pediatric and Preventive Dentistry,3,
106,"Navodaya Dental College, Raichur",Karnataka,2006-07,Private,MDS,Periodontology,3,
,,,,,MDS,Oral Medicine & Radiology,3,
,,,,,MDS,Orthodonitics & Dentofacial Orthopedics,3,
,,,,,MDS,Prosthodontics and Crown & Bridge,2,
,,,,,MDS,Oral and Maxillofacial Surgery,3,
,,,,,MDS,Conservative Dentistry & Endodontics,3,
,,,,,MDS,Oral & Maxillofacial Pathology and Oral Microbiology,3,
,,,,,MDS,Public Health Dentistry,3,
,,,,,MDS,Pediatric and Preventive Dentistry,3,
,,,,,BDS,N/A,100,
107,"P.M.N.M. Dental College & Hospital, Bagalkot",Karnataka,1987-88,Private,MDS,Periodontology,3,
,,,,,BDS,N/A,100,
,,,,,MDS,Pediatric and Preventive Dentistry,2,
,,,,,MDS,Conservative Dentistry & Endodontics,5,
,,,,,MDS,Orthodonitics & Dentofacial Orthopedics,2,
,,,,,MDS,Oral and Maxillofacial Surgery,4,
,,,,,MDS,Oral & Maxillofacial Pathology and Oral Microbiology,3,
,,,,,MDS,Oral Medicine & Radiology,2,
,,,,,MDS,Prosthodontics and Crown & Bridge,2,
108,"Rajarajeswari Dental College & Hospital, Bangalore",Karnataka,1992-93,Private,BDS,N/A,100,
,,,,,MDS,Orthodonitics & Dentofacial Orthopedics,6,
,,,,,MDS,Periodontology,6,
,,,,,MDS,Oral and Maxillofacial Surgery,6,
,,,,,MDS,Conservative Dentistry & Endodontics,6,
,,,,,MDS,Prosthodontics and Crown & Bridge,6,
,,,,,MDS,Oral Medicine & Radiology,3,
,,,,,MDS,Oral & Maxillofacial Pathology and Oral Microbiology,3,
,,,,,MDS,Pediatric and Preventive Dentistry,5,
,,,,,MDS,Public Health Dentistry,3,
109,"S.B. Patil Dental College & Hospital, Bidar",Karnataka,1991-92,Private,BDS,N/A,40,
,,,,,MDS,Periodontology,3,
,,,,,MDS,Prosthodontics and Crown & Bridge,2,
,,,,,MDS,Conservative Dentistry & Endodontics,3,
,,,,,MDS,Orthodonitics & Dentofacial Orthopedics,2,
110,"S.J.M. Dental College & Hospital, Chitradurga",Karnataka,1986-87,Private,BDS,N/A,50,GOI vide letter No. V.12025/34/2024-DE dated 17.09.2024 to reduce BDS Seats from 60 to 50 from the AY 2024-25
,,,,,MDS,Conservative Dentistry & Endodontics,2,
111,"SDM College of Dental Sciences & Hospital, Dharwad",Karnataka,1986-87,Private,MDS,Conservative Dentistry & Endodontics,6,
,,,,,MDS,Oral and Maxillofacial Surgery,7,
,,,,,MDS,Orthodonitics & Dentofacial Orthopedics,6,
,,,,,MDS,Public Health Dentistry,3,
,,,,,MDS,Pediatric and Preventive Dentistry,3,
,,,,,MDS,Oral Medicine & Radiology,3,
,,,,,MDS,Oral & Maxillofacial Pathology and Oral Microbiology,3,
,,,,,MDS,Prosthodontics and Crown & Bridge,8,
,,,,,MDS,Periodontology,4,
,,,,,BDS,N/A,100,
112,"Sharavathi Dental College & Hospital, Shimoga",Karnataka,1992-93,Private,MDS,Pediatric and Preventive Dentistry,3,
,,,,,BDS,N/A,100,
,,,,,MDS,Prosthodontics and Crown & Bridge,3,
,,,,,MDS,Conservative Dentistry & Endodontics,3,
,,,,,MDS,Orthodonitics & Dentofacial Orthopedics,3,
,,,,,MDS,Periodontology,2,
113,"Sri Hasanamba Dental College & Hospital, Hassan",Karnataka,1990-91,Private,BDS,N/A,40,"*disapprove/cancel the procedure in the speciality of Oral Pathology & Microbiology from 3 to 2 seats as per the request of the Principal, Sri Hasanamba Dental College & Hospital, Hassan from the academic session 2018 – 19"
,,,,,MDS,Oral and Maxillofacial Surgery,2,
,,,,,MDS,Periodontology,3,
,,,,,MDS,Orthodonitics & Dentofacial Orthopedics,3,
,,,,,MDS,Prosthodontics and Crown & Bridge,3,
,,,,,MDS,Conservative Dentistry & Endodontics,3,
,,,,,MDS,Oral & Maxillofacial Pathology and Oral Microbiology,2,
,,,,,MDS,Oral Medicine & Radiology,3,
114,"Sri Rajiv Gandhi College of Dental Sciences & Hospital, Bangalore",Karnataka,1992-93,Private,BDS,N/A,100,
,,,,,MDS,Oral & Maxillofacial Pathology and Oral Microbiology,3,
,,,,,MDS,Conservative Dentistry & Endodontics,3,
,,,,,MDS,Oral and Maxillofacial Surgery,3,
,,,,,MDS,Orthodonitics & Dentofacial Orthopedics,3,
,,,,,MDS,Oral Medicine & Radiology,3,
,,,,,MDS,Pediatric and Preventive Dentistry,3,
,,,,,MDS,Prosthodontics and Crown & Bridge,3,
,,,,,MDS,Periodontology,3,
115,"Sri Siddhartha Dental College, Tumkur",Karnataka,1992-93,Private,BDS,N/A,40,
,,,,,MDS,Oral and Maxillofacial Surgery,2,
,,,,,MDS,Pediatric and Preventive Dentistry,2,
,,,,,MDS,Prosthodontics and Crown & Bridge,2,
,,,,,MDS,Oral & Maxillofacial Pathology and Oral Microbiology,2,
,,,,,MDS,Conservative Dentistry & Endodontics,2,
,,,,,MDS,Orthodonitics & Dentofacial Orthopedics,2,
,,,,,MDS,Periodontology,2,
116,"Sri Venkateshwara Dental College & Hospital, Bangalore",Karnataka,1992-93,Private,BDS,N/A,50,
117,"Srinivas Institute of Dental Sciences, Mangalore",Karnataka,2012-13,Private,MDS,Pediatric and Preventive Dentistry,2,
,,,,,BDS,N/A,100,
,,,,,MDS,Prosthodontics and Crown & Bridge,3,
,,,,,MDS,Conservative Dentistry & Endodontics,3,
,,,,,MDS,Orthodonitics & Dentofacial Orthopedics,3,
118,"Subbaiah Institute of Dental Sciences, Purale, Shimoga",Karnataka,2014-15,Private,BDS,N/A,100,
,,,,,MDS,Public Health Dentistry,2,
,,,,,MDS,Periodontology,2,
,,,,,MDS,Oral Medicine & Radiology,2,
,,,,,MDS,Pediatric and Preventive Dentistry,3,
,,,,,MDS,Prosthodontics and Crown & Bridge,2,
,,,,,MDS,Oral and Maxillofacial Surgery,3,
,,,,,MDS,Conservative Dentistry & Endodontics,3,
,,,,,MDS,Orthodonitics & Dentofacial Orthopedics,3,
,,,,,MDS,Oral & Maxillofacial Pathology and Oral Microbiology,2,
119,"The Oxford Dental College, Bangalore",Karnataka,1992-93,Private,BDS,N/A,100,
,,,,,MDS,Public Health Dentistry,8,
,,,,,MDS,Oral and Maxillofacial Surgery,8,
,,,,,MDS,Prosthodontics and Crown & Bridge,8,
,,,,,MDS,Periodontology,8,
,,,,,MDS,Conservative Dentistry & Endodontics,8,
,,,,,MDS,Orthodonitics & Dentofacial Orthopedics,8,
,,,,,MDS,Pediatric and Preventive Dentistry,5,
,,,,,MDS,Oral & Maxillofacial Pathology and Oral Microbiology,7,
,,,,,MDS,Oral Medicine & Radiology,6,
120,"V.S. Dental College, Bangalore",Karnataka,1986-87,Private,MDS,Public Health Dentistry,3,
,,,,,MDS,Conservative Dentistry & Endodontics,6,
,,,,,MDS,Orthodonitics & Dentofacial Orthopedics,6,
,,,,,MDS,Prosthodontics and Crown & Bridge,6,
,,,,,MDS,Periodontology,4,
,,,,,MDS,Oral Medicine & Radiology,6,
,,,,,MDS,Pediatric and Preventive Dentistry,6,
,,,,,PG Diploma,Orthodonitics & Dentofacial Orthopedics,3,
,,,,,PG Diploma,Periodontology,1,
,,,,,PG Diploma,Oral and Maxillofacial Surgery,1,
,,,,,PG Diploma,Prosthodontics and Crown & Bridge,1,
,,,,,MDS,Oral & Maxillofacial Pathology and Oral Microbiology,3,
,,,,,MDS,Oral and Maxillofacial Surgery,5,
,,,,,BDS,N/A,100,
,,,,,PG Diploma,Conservative Dentistry & Endodontics,3,
121,"Vydehi Institute of Dental Sciences & Research, Bangalore",Karnataka,2003-04,Private,BDS,N/A,50,GOI vide letter No. V.12025/24/2024-DE dated 01.04.2024 reduced the BDS seats from 60 to 50 from the AY 2024-25
,,,,,MDS,Oral Medicine & Radiology,2,
,,,,,MDS,Oral & Maxillofacial Pathology and Oral Microbiology,2,
,,,,,MDS,Conservative Dentistry & Endodontics,2,
,,,,,MDS,Orthodonitics & Dentofacial Orthopedics,2,
,,,,,MDS,Periodontology,3,
,,,,,MDS,Prosthodontics and Crown & Bridge,2,
,,,,,MDS,Oral and Maxillofacial Surgery,3,
,,,,,MDS,Public Health Dentistry,3,
,,,,,MDS,Pediatric and Preventive Dentistry,2,
122,"Yenepoya Dental College & Hospital, Mangalore",Karnataka,1992-93,Private,BDS,N/A,100,
,,,,,MDS,Periodontology,6,
,,,,,MDS,Prosthodontics and Crown & Bridge,8,
,,,,,MDS,Oral and Maxillofacial Surgery,6,
,,,,,MDS,Oral Medicine & Radiology,6,
,,,,,MDS,Pediatric and Preventive Dentistry,6,
,,,,,MDS,Public Health Dentistry,3,
,,,,,MDS,Oral & Maxillofacial Pathology and Oral Microbiology,6,
,,,,,MDS,Conservative Dentistry & Endodontics,8,
,,,,,MDS,Orthodonitics & Dentofacial Orthopedics,8,
123,"Al-Azhar Dental College, Kerala",Kerala,2007-08,Private,BDS,N/A,100,
,,,,,MDS,Orthodonitics & Dentofacial Orthopedics,3,
,,,,,MDS,Pediatric and Preventive Dentistry,3,
,,,,,MDS,Prosthodontics and Crown & Bridge,3,
,,,,,MDS,Oral and Maxillofacial Surgery,3,
,,,,,MDS,Oral Medicine & Radiology,3,
,,,,,MDS,Conservative Dentistry & Endodontics,3,
124,"Amrita School of Dentistry, Kochi",Kerala,2003-04,Private,MDS,Pediatric and Preventive Dentistry,3,GOI vide letter No. V.12025/34/2024-DE(pt) dated 09.07.2024 reduced the BDS seats from 60 to 50 from the AY 2024-25
,,,,,MDS,Oral and Maxillofacial Surgery,2,
,,,,,MDS,Conservative Dentistry & Endodontics,5,
,,,,,MDS,Orthodonitics & Dentofacial Orthopedics,3,
,,,,,MDS,Oral Medicine & Radiology,2,
,,,,,MDS,Oral & Maxillofacial Pathology and Oral Microbiology,2,
,,,,,MDS,Public Health Dentistry,2,
,,,,,BDS,N/A,50,
,,,,,MDS,Prosthodontics and Crown & Bridge,5,
,,,,,MDS,Periodontology,5,
125,"Annoor Dental College & Hospital, Ernakulam",Kerala,2002-03,Private,BDS,N/A,50,
,,,,,MDS,Periodontology,3,
,,,,,MDS,Orthodonitics & Dentofacial Orthopedics,6,
,,,,,MDS,Pediatric and Preventive Dentistry,5,
,,,,,MDS,Prosthodontics and Crown & Bridge,3,
,,,,,MDS,Oral & Maxillofacial Pathology and Oral Microbiology,3,
,,,,,MDS,Conservative Dentistry & Endodontics,6,
126,"Azeezia College of Dental Sciences & Research, Kollam",Kerala,2004-05,Private,BDS,N/A,100,
,,,,,MDS,Oral and Maxillofacial Surgery,3,
,,,,,MDS,Oral & Maxillofacial Pathology and Oral Microbiology,3,
,,,,,MDS,Conservative Dentistry & Endodontics,5,
,,,,,MDS,Prosthodontics and Crown & Bridge,3,
,,,,,MDS,Periodontology,3,
,,,,,MDS,Orthodonitics & Dentofacial Orthopedics,3,
,,,,,MDS,Pediatric and Preventive Dentistry,2,
127,"Century International Institute of Dental Science & Research Center, Kasaragod",Kerala,2003-04,Private,BDS,N/A,100,"DCI recommended to GOI to initiate withdrawal of recognition and stoppage of BDS admissions from AY 2025-26, final decision awaited"
128,"Educare Institute of Dental Sciences, Malappuram",Kerala,2007-08,Private,BDS,N/A,100,
,,,,,MDS,Prosthodontics and Crown & Bridge,3,
,,,,,MDS,Conservative Dentistry & Endodontics,3,
,,,,,MDS,Periodontology,3,
,,,,,MDS,Orthodonitics & Dentofacial Orthopedics,3,
,,,,,MDS,Pediatric and Preventive Dentistry,3,
129,"Govt. Dental College, Alappuzha",Kerala,2014-15,Govt.,BDS,N/A,50,"DCI recommended to GOI to initiate withdrawal of recognition and stoppage of BDS admissions from AY 2025-26, final decision awaited"
130,"Govt. Dental College, Kottayam",Kerala,2001-02,Govt.,MDS,Oral and Maxillofacial Surgery,5,
,,,,,MDS,Prosthodontics and Crown & Bridge,3,
,,,,,MDS,Periodontology,2,
,,,,,MDS,Conservative Dentistry & Endodontics,2,
,,,,,MDS,Oral & Maxillofacial Pathology and Oral Microbiology,3,
,,,,,MDS,Orthodonitics & Dentofacial Orthopedics,3,
,,,,,MDS,Pediatric and Preventive Dentistry,3,
,,,,,MDS,Oral Medicine & Radiology,3,
,,,,,MDS,Public Health Dentistry,2,
,,,,,BDS,N/A,40,
131,"Govt. Dental College, Kozhikode",Kerala,1981-82,Govt.,BDS,N/A,50,
,,,,,MDS,Conservative Dentistry & Endodontics,3,
,,,,,MDS,Periodontology,2,
,,,,,MDS,Oral Medicine & Radiology,2,
,,,,,MDS,Pediatric and Preventive Dentistry,2,
,,,,,MDS,Oral and Maxillofacial Surgery,3,
,,,,,MDS,Orthodonitics & Dentofacial Orthopedics,2,
,,,,,MDS,Prosthodontics and Crown & Bridge,3,
,,,,,MDS,Oral & Maxillofacial Pathology and Oral Microbiology,2,
132,"Govt. Dental College, Thrissur",Kerala,2015-16,Govt.,BDS,N/A,50,
133,"Govt. Dental College, Trivandrum",Kerala,1959-60,Govt.,MDS,Orthodonitics & Dentofacial Orthopedics,3,
,,,,,MDS,Periodontology,4,
,,,,,MDS,Oral and Maxillofacial Surgery,4,
,,,,,BDS,N/A,50,
,,,,,MDS,Oral & Maxillofacial Pathology and Oral Microbiology,3,
,,,,,MDS,Pediatric and Preventive Dentistry,2,
,,,,,MDS,Oral Medicine & Radiology,2,
,,,,,MDS,Conservative Dentistry & Endodontics,4,
,,,,,MDS,Prosthodontics and Crown & Bridge,4,
134,"Indira Gandhi Institute of Dental Sciences, Kothamangalam",Kerala,2007-08,Private,BDS,N/A,100,
135,"Kannur Dental College, kannur",Kerala,2005-06,Private,MDS,Conservative Dentistry & Endodontics,2,
,,,,,MDS,Oral & Maxillofacial Pathology and Oral Microbiology,2,
,,,,,MDS,Oral Medicine & Radiology,3,
,,,,,MDS,Prosthodontics and Crown & Bridge,3,
,,,,,MDS,Periodontology,2,
,,,,,MDS,Pediatric and Preventive Dentistry,3,
,,,,,MDS,Orthodonitics & Dentofacial Orthopedics,2,
,,,,,MDS,Oral and Maxillofacial Surgery,2,
,,,,,BDS,N/A,100,
136,"KMCT Dental College, Calicut",Kerala,2006-07,Private,MDS,Public Health Dentistry,3,
,,,,,BDS,N/A,100,
,,,,,MDS,Pediatric and Preventive Dentistry,5,
,,,,,MDS,Orthodonitics & Dentofacial Orthopedics,5,
,,,,,MDS,Oral Medicine & Radiology,3,
,,,,,MDS,Oral and Maxillofacial Surgery,5,
,,,,,MDS,Conservative Dentistry & Endodontics,5,
,,,,,MDS,Oral & Maxillofacial Pathology and Oral Microbiology,3,
,,,,,MDS,Prosthodontics and Crown & Bridge,5,
,,,,,MDS,Periodontology,6,
137,"Malabar Dental College & Research Centre, Malappuram",Kerala,2007-08,Private,MDS,Orthodonitics & Dentofacial Orthopedics,5,
,,,,,MDS,Oral & Maxillofacial Pathology and Oral Microbiology,2,
,,,,,MDS,Pediatric and Preventive Dentistry,5,
,,,,,MDS,Oral Medicine & Radiology,2,
,,,,,BDS,N/A,100,
,,,,,MDS,Prosthodontics and Crown & Bridge,2,
,,,,,MDS,Periodontology,2,
,,,,,MDS,Conservative Dentistry & Endodontics,6,
138,"Mar Baselios Dental College, Kothamangalam",Kerala,2002-03,Private,MDS,Periodontology,3,
,,,,,MDS,Conservative Dentistry & Endodontics,6,
,,,,,MDS,Orthodonitics & Dentofacial Orthopedics,6,
,,,,,MDS,Oral Medicine & Radiology,3,
,,,,,MDS,Pediatric and Preventive Dentistry,6,
,,,,,BDS,N/A,60,
,,,,,MDS,Oral and Maxillofacial Surgery,2,
,,,,,MDS,Prosthodontics and Crown & Bridge,5,
139,"MES Dental College, Malappuram",Kerala,2007-08,Private,BDS,N/A,100,
,,,,,MDS,Conservative Dentistry & Endodontics,3,
,,,,,MDS,Prosthodontics and Crown & Bridge,3,
,,,,,MDS,Oral and Maxillofacial Surgery,3,
,,,,,MDS,Orthodonitics & Dentofacial Orthopedics,3,
140,"Noorul Islam College of Dental Sciences, Trivandrum",Kerala,2006-07,Private,BDS,N/A,50,
,,,,,MDS,Orthodonitics & Dentofacial Orthopedics,2,
,,,,,MDS,Conservative Dentistry & Endodontics,2,
141,"Pariyaram Dental College, Academy of Medical Sciences, Kannur",Kerala,2004-05,Govt.,BDS,N/A,60,
142,"PMS College of Dental Science & Research, Thiruvananthpuram",Kerala,2002-03,Private,MDS,Prosthodontics and Crown & Bridge,5,
,,,,,MDS,Conservative Dentistry & Endodontics,5,
,,,,,MDS,Periodontology,5,
,,,,,MDS,Oral and Maxillofacial Surgery,5,
,,,,,MDS,Orthodonitics & Dentofacial Orthopedics,5,
,,,,,MDS,Oral & Maxillofacial Pathology and Oral Microbiology,3,
,,,,,MDS,Pediatric and Preventive Dentistry,5,
,,,,,MDS,Oral Medicine & Radiology,3,
,,,,,BDS,N/A,100,
143,"PSM College of Dental Sciences & Research, Trichur",Kerala,2007-08,Private,BDS,N/A,100,
,,,,,MDS,Orthodonitics & Dentofacial Orthopedics,3,
,,,,,MDS,Prosthodontics and Crown & Bridge,2,
,,,,,MDS,Pediatric and Preventive Dentistry,2,
,,,,,MDS,Periodontology,2,
,,,,,MDS,Conservative Dentistry & Endodontics,3,
,,,,,MDS,Oral & Maxillofacial Pathology and Oral Microbiology,3,
144,"Pushpagiri College of Dental Sciences, Tiruvalla",Kerala,2006-07,Private,BDS,N/A,50,
,,,,,MDS,Prosthodontics and Crown & Bridge,3,
,,,,,MDS,Periodontology,2,
,,,,,MDS,Oral and Maxillofacial Surgery,2,
,,,,,MDS,Conservative Dentistry & Endodontics,3,
,,,,,MDS,Orthodonitics & Dentofacial Orthopedics,2,
,,,,,MDS,Pediatric and Preventive Dentistry,2,
145,"Royal Dental College, kerala",Kerala,2003-04,Private,BDS,N/A,60,
,,,,,MDS,Conservative Dentistry & Endodontics,6,
,,,,,MDS,Periodontology,3,
,,,,,MDS,Orthodonitics & Dentofacial Orthopedics,6,
,,,,,MDS,Prosthodontics and Crown & Bridge,3,
,,,,,MDS,Pediatric and Preventive Dentistry,6,
,,,,,MDS,Oral & Maxillofacial Pathology and Oral Microbiology,3,
146,"Sree Anjaneya Medical Trust, Calicut",Kerala,2013-14,Private,BDS,N/A,100,
,,,,,MDS,Pediatric and Preventive Dentistry,3,
,,,,,MDS,Prosthodontics and Crown & Bridge,3,
,,,,,MDS,Conservative Dentistry & Endodontics,3,
,,,,,MDS,Orthodonitics & Dentofacial Orthopedics,3,
,,,,,MDS,Oral and Maxillofacial Surgery,3,
147,"Sri Sankara Dental College, Thiruvananthapuram",Kerala,2006-07,Private,BDS,N/A,100,
,,,,,MDS,Prosthodontics and Crown & Bridge,2,
,,,,,MDS,Periodontology,2,
,,,,,MDS,Pediatric and Preventive Dentistry,2,
,,,,,MDS,Orthodonitics & Dentofacial Orthopedics,2,
,,,,,MDS,Conservative Dentistry & Endodontics,2,
148,"St. Gregorios Dental College, Ernakulam",Kerala,2005-06,Private,BDS,N/A,50,
,,,,,MDS,Conservative Dentistry & Endodontics,2,
,,,,,MDS,Prosthodontics and Crown & Bridge,3,
,,,,,MDS,Orthodonitics & Dentofacial Orthopedics,3,
149,Travancore Dental College,Kerala,2023-24,Private,BDS,N/A,50,
150,"Bhabha College of Dental Sciences, Bhopal",Madhya Pradesh,2008-09,Private,BDS,N/A,100,
,,,,,MDS,Orthodonitics & Dentofacial Orthopedics,6,
,,,,,MDS,Oral & Maxillofacial Pathology and Oral Microbiology,2,
,,,,,MDS,Prosthodontics and Crown & Bridge,3,
,,,,,MDS,Conservative Dentistry & Endodontics,6,
,,,,,MDS,Periodontology,5,
,,,,,MDS,Public Health Dentistry,2,
,,,,,MDS,Oral Medicine & Radiology,2,
,,,,,MDS,Pediatric and Preventive Dentistry,3,
151,"College of Dental Sciences & Hospital, Indore",Madhya Pradesh,1999-00,Private,MDS,Conservative Dentistry & Endodontics,6,
,,,,,MDS,Orthodonitics & Dentofacial Orthopedics,6,
,,,,,MDS,Prosthodontics and Crown & Bridge,6,
,,,,,MDS,Pediatric and Preventive Dentistry,3,
,,,,,BDS,N/A,60,
,,,,,MDS,Periodontology,3,
152,College of Dentistry- Indore,Madhya Pradesh,1960-61,Govt.,BDS,N/A,63,
,,,,,MDS,Orthodonitics & Dentofacial Orthopedics,5,
,,,,,MDS,Prosthodontics and Crown & Bridge,6,
,,,,,MDS,Oral and Maxillofacial Surgery,6,
,,,,,MDS,Periodontology,3,
,,,,,MDS,Oral Medicine & Radiology,3,
,,,,,MDS,Pediatric and Preventive Dentistry,3,
,,,,,MDS,Oral & Maxillofacial Pathology and Oral Microbiology,3,
,,,,,MDS,Public Health Dentistry,3,
,,,,,MDS,Conservative Dentistry & Endodontics,3,
153,"Guru Gobind Singh College of Dental Science & Research Centre, Burhanpur",Madhya Pradesh,2006-07,Private,BDS,N/A,100,DCI recommended to GOI to initiate withdrawal of recognition and stoppage of BDS admissions from AY 2025-26; final decision awaited
154,"Hitkarini Dental College & Hospital, Jabalpur",Madhya Pradesh,2005-06,Private,BDS,N/A,60,
,,,,,MDS,Prosthodontics and Crown & Bridge,6,
,,,,,MDS,Periodontology,3,
,,,,,MDS,Oral and Maxillofacial Surgery,6,
,,,,,MDS,Conservative Dentistry & Endodontics,6,
,,,,,MDS,Orthodonitics & Dentofacial Orthopedics,6,
,,,,,MDS,Pediatric and Preventive Dentistry,3,
,,,,,MDS,Oral Medicine & Radiology,3,
155,"Index Institute of Dental Sciences, Indore",Madhya Pradesh,2012-13,Private,BDS,N/A,100,
,,,,,MDS,Conservative Dentistry & Endodontics,6,
,,,,,MDS,Periodontology,5,
,,,,,MDS,Orthodonitics & Dentofacial Orthopedics,6,
,,,,,MDS,Prosthodontics and Crown & Bridge,6,
,,,,,MDS,Oral and Maxillofacial Surgery,6,
,,,,,MDS,Pediatric and Preventive Dentistry,5,
,,,,,MDS,Oral Medicine & Radiology,3,
,,,,,MDS,Oral & Maxillofacial Pathology and Oral Microbiology,3,
,,,,,MDS,Public Health Dentistry,3,
156,"Maharana Pratap College of Dentistry & Research Centre, Gwalior",Madhya Pradesh,2003-04,Private,BDS,N/A,50,GOI vide letter No. V.12017/17/2024-DE (Pt.1) dated 06.01.2025  reduced the BDS Seats from 100 to 50 for the AY 2025-26
,,,,,MDS,Oral Medicine & Radiology,2,
,,,,,MDS,Oral & Maxillofacial Pathology and Oral Microbiology,1,
,,,,,MDS,Orthodonitics & Dentofacial Orthopedics,3,
,,,,,MDS,Pediatric and Preventive Dentistry,2,
,,,,,MDS,Conservative Dentistry & Endodontics,3,
,,,,,MDS,Oral and Maxillofacial Surgery,3,
,,,,,MDS,Prosthodontics and Crown & Bridge,3,
,,,,,MDS,Periodontology,3,
157,"Mansarover Dental College, Bhopal",Madhya Pradesh,2007-08,Private,MDS,Orthodonitics & Dentofacial Orthopedics,2,
,,,,,MDS,Periodontology,3,
,,,,,MDS,Prosthodontics and Crown & Bridge,3,
,,,,,BDS,N/A,100,
,,,,,MDS,Conservative Dentistry & Endodontics,3,
158,"Modern Dental College & Research Centre, Indore",Madhya Pradesh,1999-00,Private,MDS,Orthodonitics & Dentofacial Orthopedics,5,
,,,,,MDS,Pediatric and Preventive Dentistry,6,
,,,,,BDS,N/A,100,
,,,,,MDS,Prosthodontics and Crown & Bridge,5,
,,,,,MDS,Periodontology,5,
,,,,,MDS,Conservative Dentistry & Endodontics,5,
,,,,,MDS,Oral and Maxillofacial Surgery,3,
159,"People’s Dental Academy, Bhopal",Madhya Pradesh,2004-05,Private,MDS,Orthodonitics & Dentofacial Orthopedics,5,
,,,,,MDS,Conservative Dentistry & Endodontics,5,
,,,,,MDS,Oral & Maxillofacial Pathology and Oral Microbiology,3,
,,,,,MDS,Public Health Dentistry,3,
,,,,,MDS,Oral Medicine & Radiology,3,
,,,,,MDS,Periodontology,3,
,,,,,MDS,Pediatric and Preventive Dentistry,3,
,,,,,MDS,Prosthodontics and Crown & Bridge,5,
,,,,,MDS,Oral and Maxillofacial Surgery,5,
,,,,,BDS,N/A,100,
160,"Peoples College of Dental Sciences & Research Centre, Bhopal",Madhya Pradesh,2002-03,Private,BDS,N/A,100,
,,,,,MDS,Orthodonitics & Dentofacial Orthopedics,6,
,,,,,MDS,Public Health Dentistry,3,
,,,,,MDS,Oral Medicine & Radiology,3,
,,,,,MDS,Pediatric and Preventive Dentistry,3,
,,,,,MDS,Prosthodontics and Crown & Bridge,5,
,,,,,MDS,Periodontology,3,
,,,,,MDS,Oral and Maxillofacial Surgery,3,
,,,,,MDS,Conservative Dentistry & Endodontics,6,
161,"Rishiraj College of Dental Sciences & Research Centre, Bhopal",Madhya Pradesh,2006-07,Private,BDS,N/A,100,
,,,,,MDS,Prosthodontics and Crown & Bridge,2,
,,,,,MDS,Periodontology,2,
,,,,,MDS,Oral Medicine & Radiology,2,
,,,,,MDS,Oral & Maxillofacial Pathology and Oral Microbiology,2,
,,,,,MDS,Orthodonitics & Dentofacial Orthopedics,5,
,,,,,MDS,Conservative Dentistry & Endodontics,5,
,,,,,MDS,Pediatric and Preventive Dentistry,3,
,,,,,MDS,Oral and Maxillofacial Surgery,3,
162,"RKDF Dental College & Research Centre, Bhopal",Madhya Pradesh,2003-04,Private,MDS,Periodontology,5,
,,,,,MDS,Prosthodontics and Crown & Bridge,5,
,,,,,MDS,Pediatric and Preventive Dentistry,5,
,,,,,MDS,Oral and Maxillofacial Surgery,5,
,,,,,BDS,N/A,100,
,,,,,MDS,Conservative Dentistry & Endodontics,5,
,,,,,MDS,Oral & Maxillofacial Pathology and Oral Microbiology,2,
,,,,,MDS,Orthodonitics & Dentofacial Orthopedics,5,
,,,,,MDS,Oral Medicine & Radiology,5,
163,"Sri Aurobindo College of Dentistry, Indore",Madhya Pradesh,2006-07,Private,MDS,Prosthodontics and Crown & Bridge,3,
,,,,,MDS,Periodontology,3,
,,,,,MDS,Pediatric and Preventive Dentistry,3,
,,,,,MDS,Oral and Maxillofacial Surgery,3,
,,,,,MDS,Oral Medicine & Radiology,3,
,,,,,MDS,Oral & Maxillofacial Pathology and Oral Microbiology,3,
,,,,,MDS,Orthodonitics & Dentofacial Orthopedics,3,
,,,,,MDS,Conservative Dentistry & Endodontics,3,
,,,,,MDS,Public Health Dentistry,3,
,,,,,BDS,N/A,100,
164,"Aditya Dental College, Beed",Maharashtra,2006-07,Private,BDS,N/A,100,"GOI vide Letter No.V.12017/14/2023-DE dated 19.03.2025 Neuralization of 10 MDS admission at Aditya Dental college, Beed Maharashtra for AY 2025-26."
,,,,,MDS,Prosthodontics and Crown & Bridge,0,
,,,,,MDS,Conservative Dentistry & Endodontics,0,
,,,,,MDS,Orthodonitics & Dentofacial Orthopedics,0,
,,,,,MDS,Periodontology,0,
165,"Annasaheb Chudaman Patil Memorial Dental College, Dhule",Maharashtra,2002-03,Private,MDS,Prosthodontics and Crown & Bridge,5,
,,,,,MDS,Periodontology,3,
,,,,,MDS,Orthodonitics & Dentofacial Orthopedics,5,
,,,,,MDS,Public Health Dentistry,3,
,,,,,MDS,Pediatric and Preventive Dentistry,3,
,,,,,MDS,Oral and Maxillofacial Surgery,5,
,,,,,MDS,Conservative Dentistry & Endodontics,5,
,,,,,BDS,N/A,100,
166,"Armed Forces Medical College, Pune-1",Maharashtra,1954-55,Govt.,MDS,Periodontology,2,
,,,,,MDS,Oral and Maxillofacial Surgery,2,
,,,,,MDS,Orthodonitics & Dentofacial Orthopedics,2,
,,,,,MDS,Prosthodontics and Crown & Bridge,2,
167,"Bharati Vidyapeeth Dental College & Hospital, Navi Mumbai",Maharashtra,2004-05,Private,BDS,N/A,100,
,,,,,MDS,Prosthodontics and Crown & Bridge,5,
,,,,,MDS,Periodontology,5,
,,,,,MDS,Orthodonitics & Dentofacial Orthopedics,5,
,,,,,MDS,Pediatric and Preventive Dentistry,3,
,,,,,MDS,Conservative Dentistry & Endodontics,5,
168,"Bharati Vidyapeeth Dental College & Hospital, Pune",Maharashtra,1988-89,Private,BDS,N/A,100,
,,,,,MDS,Pediatric and Preventive Dentistry,6,
,,,,,MDS,Conservative Dentistry & Endodontics,6,
,,,,,MDS,Oral and Maxillofacial Surgery,6,
,,,,,MDS,Oral & Maxillofacial Pathology and Oral Microbiology,3,
,,,,,MDS,Orthodonitics & Dentofacial Orthopedics,6,
,,,,,MDS,Prosthodontics and Crown & Bridge,6,
,,,,,MDS,Periodontology,6,
,,,,,MDS,Oral Medicine & Radiology,3,
169,"Bharati Vidyapeeth Dental College & Hospital, Sangli",Maharashtra,2007-08,Private,MDS,Conservative Dentistry & Endodontics,3,
,,,,,MDS,Orthodonitics & Dentofacial Orthopedics,3,
,,,,,MDS,Pediatric and Preventive Dentistry,3,
,,,,,MDS,Periodontology,3,
,,,,,BDS,N/A,100,
,,,,,MDS,Prosthodontics and Crown & Bridge,3,
,,,,,MDS,Oral and Maxillofacial Surgery,3,
170,"Chatrapati Shahu Maharaj Shikshan Sanstha’s Dental College & Hospital, Aurangabad",Maharashtra,1991-92,Private,MDS,Prosthodontics and Crown & Bridge,5,
,,,,,BDS,N/A,100,
,,,,,MDS,Orthodonitics & Dentofacial Orthopedics,5,
,,,,,MDS,Periodontology,2,
,,,,,MDS,Oral and Maxillofacial Surgery,2,
,,,,,MDS,Conservative Dentistry & Endodontics,5,
,,,,,MDS,Oral Medicine & Radiology,3,
171,"D.Y. Patil Dental School, Pune",Maharashtra,2011-12,Private,MDS,Orthodonitics & Dentofacial Orthopedics,3,
,,,,,MDS,Pediatric and Preventive Dentistry,2,
,,,,,MDS,Prosthodontics and Crown & Bridge,3,
,,,,,BDS,N/A,100,
,,,,,MDS,Conservative Dentistry & Endodontics,3,
172,"Dr. D.Y. Patil Dental College & Hospital, Pune",Maharashtra,2000-01,Private,MDS,Oral and Maxillofacial Surgery,8,
,,,,,MDS,Conservative Dentistry & Endodontics,8,
,,,,,MDS,Pediatric and Preventive Dentistry,6,
,,,,,MDS,Public Health Dentistry,2,
,,,,,MDS,Prosthodontics and Crown & Bridge,6,
,,,,,MDS,Oral & Maxillofacial Pathology and Oral Microbiology,4,
,,,,,MDS,Oral Medicine & Radiology,4,
,,,,,MDS,Orthodonitics & Dentofacial Orthopedics,6,
,,,,,BDS,N/A,100,
,,,,,MDS,Periodontology,5,
173,"Dr. Hedgewar Smruti Rugna Seva Mandals Dental College & Hospital, Hingoli",Maharashtra,2008-09,Private,MDS,Periodontology,3,
,,,,,MDS,Conservative Dentistry & Endodontics,5,
,,,,,MDS,Orthodonitics & Dentofacial Orthopedics,5,
,,,,,MDS,Pediatric and Preventive Dentistry,3,
,,,,,BDS,N/A,100,
,,,,,MDS,Prosthodontics and Crown & Bridge,5,
174,"Dr. Rajesh Ramdasji Kambe Dental College & Hospital, Akola",Maharashtra,2015-16,Private,BDS,N/A,100,
,,,,,MDS,Prosthodontics and Crown & Bridge,2,
,,,,,MDS,Conservative Dentistry & Endodontics,3,
,,,,,MDS,Oral and Maxillofacial Surgery,2,
,,,,,MDS,Orthodonitics & Dentofacial Orthopedics,3,
,,,,,MDS,Pediatric and Preventive Dentistry,3,
175,"Govt. Dental College & Hospital, Aurangabad",Maharashtra,1982-83,Govt.,BDS,N/A,63,
,,,,,MDS,Periodontology,3,
,,,,,MDS,Conservative Dentistry & Endodontics,3,
,,,,,MDS,Public Health Dentistry,3,
,,,,,MDS,Orthodonitics & Dentofacial Orthopedics,3,
,,,,,MDS,Oral and Maxillofacial Surgery,3,
,,,,,MDS,Oral & Maxillofacial Pathology and Oral Microbiology,3,
,,,,,MDS,Oral Medicine & Radiology,3,
,,,,,MDS,Prosthodontics and Crown & Bridge,6,
176,"Govt. Dental College & Hospital, Jalgaon",Maharashtra,,,BDS,N/A,50,
177,"Govt. Dental College & Hospital, Mumbai",Maharashtra,1951-52,Govt.,MDS,Conservative Dentistry & Endodontics,5,
,,,,,MDS,Prosthodontics and Crown & Bridge,10,
,,,,,MDS,Periodontology,5,
,,,,,MDS,Pediatric and Preventive Dentistry,3,
,,,,,MDS,Oral & Maxillofacial Pathology and Oral Microbiology,5,
,,,,,MDS,Oral Medicine & Radiology,5,
,,,,,MDS,Oral and Maxillofacial Surgery,3,
,,,,,MDS,Orthodonitics & Dentofacial Orthopedics,3,
,,,,,BDS,N/A,125,
178,"Govt. Dental College & Hospital, Nagpur",Maharashtra,1968-69,Govt.,BDS,N/A,63,
,,,,,MDS,Pediatric and Preventive Dentistry,3,
,,,,,MDS,Prosthodontics and Crown & Bridge,3,
,,,,,MDS,Periodontology,3,
,,,,,MDS,Conservative Dentistry & Endodontics,3,
,,,,,MDS,Orthodonitics & Dentofacial Orthopedics,3,
,,,,,MDS,Oral & Maxillofacial Pathology and Oral Microbiology,3,
,,,,,MDS,Oral Medicine & Radiology,3,
,,,,,MDS,Oral and Maxillofacial Surgery,3,
179,"Late Shri Yashwantrao Chavan Memorial Medical & Rural Development Foundation's Dental College & Hospital, Ahmednagar",Maharashtra,2007-08,Private,BDS,N/A,100,
,,,,,MDS,Conservative Dentistry & Endodontics,5,
,,,,,MDS,Prosthodontics and Crown & Bridge,5,
,,,,,MDS,Periodontology,5,
,,,,,MDS,Orthodonitics & Dentofacial Orthopedics,5,
180,"M.A. Rangoonwala College of Dental Sciences & Research Centre, Pune",Maharashtra,2000-01,Private,BDS,N/A,100,
,,,,,MDS,Periodontology,6,
,,,,,MDS,Prosthodontics and Crown & Bridge,6,
,,,,,MDS,Oral Medicine & Radiology,6,
,,,,,MDS,Pediatric and Preventive Dentistry,6,
,,,,,MDS,Oral & Maxillofacial Pathology and Oral Microbiology,6,
,,,,,MDS,Oral and Maxillofacial Surgery,6,
,,,,,MDS,Orthodonitics & Dentofacial Orthopedics,6,
,,,,,MDS,Conservative Dentistry & Endodontics,6,
181,Maharashtra Institute of Dental Sciences & Research (Dental College),Maharashtra,2006-07,Private,BDS,N/A,100,
,,,,,MDS,Prosthodontics and Crown & Bridge,5,
,,,,,MDS,Oral and Maxillofacial Surgery,5,
,,,,,MDS,Conservative Dentistry & Endodontics,5,
,,,,,MDS,Orthodonitics & Dentofacial Orthopedics,5,
,,,,,MDS,Periodontology,3,
,,,,,MDS,Pediatric and Preventive Dentistry,5,
182,"Mahatma Gandhi Missions Dental College & Hospital, Kamothe, Navi Mumbai",Maharashtra,2003-04,Private,PG Diploma,Oral and Maxillofacial Surgery,2,
,,,,,BDS,N/A,100,
,,,,,MDS,Oral and Maxillofacial Surgery,4,
,,,,,MDS,Orthodonitics & Dentofacial Orthopedics,3,
,,,,,MDS,Conservative Dentistry & Endodontics,2,
,,,,,MDS,Prosthodontics and Crown & Bridge,3,
,,,,,MDS,Oral & Maxillofacial Pathology and Oral Microbiology,3,
,,,,,MDS,Periodontology,3,
,,,,,MDS,Pediatric and Preventive Dentistry,3,
183,"Mahatma Gandhi Vidya Mandir’s Dental College & Hospital, Nashik",Maharashtra,1991-92,Private,MDS,Oral & Maxillofacial Pathology and Oral Microbiology,6,
,,,,,MDS,Oral Medicine & Radiology,4,
,,,,,MDS,Orthodonitics & Dentofacial Orthopedics,6,
,,,,,MDS,Periodontology,6,
,,,,,MDS,Prosthodontics and Crown & Bridge,6,
,,,,,BDS,N/A,100,
,,,,,MDS,Pediatric and Preventive Dentistry,5,
,,,,,MDS,Conservative Dentistry & Endodontics,5,
184,"Nair Hospital Dental College, Mumbai",Maharashtra,1951-52,Govt.,MDS,Conservative Dentistry & Endodontics,10,
,,,,,MDS,Orthodonitics & Dentofacial Orthopedics,3,
,,,,,MDS,Oral & Maxillofacial Pathology and Oral Microbiology,10,
,,,,,MDS,Oral Medicine & Radiology,10,
,,,,,MDS,Prosthodontics and Crown & Bridge,10,
,,,,,MDS,Pediatric and Preventive Dentistry,5,
,,,,,MDS,Oral and Maxillofacial Surgery,10,
,,,,,MDS,Periodontology,5,
,,,,,BDS,N/A,75,
185,"Nanded Rural Dental College & Research Center, Nanded",Maharashtra,2014-15,Private,BDS,N/A,100,
,,,,,MDS,Periodontology,3,
,,,,,MDS,Pediatric and Preventive Dentistry,3,
,,,,,MDS,Orthodonitics & Dentofacial Orthopedics,3,
,,,,,MDS,Conservative Dentistry & Endodontics,3,
,,,,,MDS,Prosthodontics and Crown & Bridge,3,
186,"Padmashree Dr. D.Y. Patil Dental College & Hospital, Navi Mumbai",Maharashtra,1990-91,Private,BDS,N/A,100,
,,,,,MDS,Periodontology,8,
,,,,,MDS,Orthodonitics & Dentofacial Orthopedics,6,
,,,,,MDS,Conservative Dentistry & Endodontics,7,
,,,,,MDS,Oral and Maxillofacial Surgery,6,
,,,,,MDS,Prosthodontics and Crown & Bridge,7,
,,,,,MDS,Oral Medicine & Radiology,6,
,,,,,MDS,Pediatric and Preventive Dentistry,6,
,,,,,MDS,Oral & Maxillofacial Pathology and Oral Microbiology,6,
187,"Pandit Dindayal Upadhyay Dental College, Solapur",Maharashtra,2001-02,Private,BDS,N/A,100,
,,,,,MDS,Oral Medicine & Radiology,3,
,,,,,MDS,Conservative Dentistry & Endodontics,6,
,,,,,MDS,Orthodonitics & Dentofacial Orthopedics,5,
,,,,,MDS,Prosthodontics and Crown & Bridge,5,
,,,,,MDS,Periodontology,3,
188,"Ranjeet Deshmukh Dental College and Research Centre, Nagpur",Maharashtra,1996-97,Private,BDS,N/A,100,* 1 seat reduced in Oral Pathology from 3 to 2 as requested by the college from the Academic Session 2016-17 onwards.
,,,,,MDS,Oral and Maxillofacial Surgery,3,
,,,,,MDS,Periodontology,6,
,,,,,MDS,Conservative Dentistry & Endodontics,6,
,,,,,MDS,Oral Medicine & Radiology,3,
,,,,,MDS,Pediatric and Preventive Dentistry,3,
,,,,,MDS,Prosthodontics and Crown & Bridge,6,
,,,,,MDS,Orthodonitics & Dentofacial Orthopedics,3,
,,,,,MDS,Oral & Maxillofacial Pathology and Oral Microbiology,2,
189,"Rural Dental College, Loni",Maharashtra,1989-90,Private,MDS,Orthodonitics & Dentofacial Orthopedics,4,
,,,,,MDS,Oral and Maxillofacial Surgery,3,
,,,,,MDS,Conservative Dentistry & Endodontics,3,
,,,,,MDS,Prosthodontics and Crown & Bridge,3,
,,,,,MDS,Oral Medicine & Radiology,2,
,,,,,MDS,Pediatric and Preventive Dentistry,2,
,,,,,MDS,Oral & Maxillofacial Pathology and Oral Microbiology,2,
,,,,,MDS,Periodontology,3,
,,,,,BDS,N/A,100,
190,"S.M.B.T. Dental College & Hospital, Amrutnagar",Maharashtra,2001-02,Private,MDS,Conservative Dentistry & Endodontics,5,
,,,,,MDS,Oral & Maxillofacial Pathology and Oral Microbiology,3,
,,,,,MDS,Oral Medicine & Radiology,3,
,,,,,MDS,Pediatric and Preventive Dentistry,3,
,,,,,MDS,Orthodonitics & Dentofacial Orthopedics,5,
,,,,,MDS,Prosthodontics and Crown & Bridge,5,
,,,,,MDS,Periodontology,5,
,,,,,BDS,N/A,100,
191,"Saraswati Danwantri Dental College & Hospital, Parbhani",Maharashtra,2007-08,Private,MDS,Orthodonitics & Dentofacial Orthopedics,5,
,,,,,MDS,Conservative Dentistry & Endodontics,5,
,,,,,MDS,Oral & Maxillofacial Pathology and Oral Microbiology,2,
,,,,,MDS,Oral Medicine & Radiology,3,
,,,,,MDS,Pediatric and Preventive Dentistry,3,
,,,,,BDS,N/A,100,
,,,,,MDS,Prosthodontics and Crown & Bridge,5,
,,,,,MDS,Periodontology,5,
192,"School of Dental Sciences, Krishna Institute of Medical Sciences, Karad",Maharashtra,2006-07,Private,BDS,N/A,100,
,,,,,MDS,Prosthodontics and Crown & Bridge,5,
,,,,,MDS,Oral and Maxillofacial Surgery,6,
,,,,,MDS,Conservative Dentistry & Endodontics,6,
,,,,,MDS,Periodontology,3,
,,,,,MDS,Oral & Maxillofacial Pathology and Oral Microbiology,3,
,,,,,MDS,Orthodonitics & Dentofacial Orthopedics,3,
,,,,,MDS,Pediatric and Preventive Dentistry,6,
193,"Sharad Pawar Dental College & Hospital, Wardha",Maharashtra,1990-91,Private,BDS,N/A,100,* 1 seat reduced each in O.M. & O.P. from the Academic session 2017-18 as requested by the college.
,,,,,MDS,Prosthodontics and Crown & Bridge,6,
,,,,,MDS,Orthodonitics & Dentofacial Orthopedics,6,
,,,,,MDS,Periodontology,3,
,,,,,MDS,Oral and Maxillofacial Surgery,6,
,,,,,MDS,Pediatric and Preventive Dentistry,6,
,,,,,MDS,Conservative Dentistry & Endodontics,6,
,,,,,MDS,Oral & Maxillofacial Pathology and Oral Microbiology,3,
,,,,,MDS,Oral Medicine & Radiology,3,
194,"Sinhgad Dental College & Hospital, Pune",Maharashtra,2006-07,Private,MDS,Prosthodontics and Crown & Bridge,3,
,,,,,MDS,Periodontology,3,
,,,,,MDS,Pediatric and Preventive Dentistry,3,
,,,,,MDS,Oral and Maxillofacial Surgery,3,
,,,,,MDS,Oral & Maxillofacial Pathology and Oral Microbiology,3,
,,,,,MDS,Orthodonitics & Dentofacial Orthopedics,3,
,,,,,MDS,Conservative Dentistry & Endodontics,3,
,,,,,MDS,Oral Medicine & Radiology,3,
,,,,,MDS,Public Health Dentistry,3,
,,,,,BDS,N/A,100,
195,"SMBT Institute of Dental Sciences and Research, Nandihills, Nashik",Maharashtra,2016-17,Private,MDS,Orthodonitics & Dentofacial Orthopedics,3,
,,,,,MDS,Conservative Dentistry & Endodontics,3,
,,,,,MDS,Pediatric and Preventive Dentistry,2,
,,,,,MDS,Periodontology,2,
,,,,,MDS,Oral and Maxillofacial Surgery,2,
,,,,,MDS,Prosthodontics and Crown & Bridge,3,
,,,,,BDS,N/A,100,
196,"Swargiya Dadasaheb Kalmegh Smruti Dental College & Hospital, Nagpur",Maharashtra,2006-07,Private,BDS,N/A,100,
,,,,,MDS,Prosthodontics and Crown & Bridge,6,
,,,,,MDS,Periodontology,3,
,,,,,MDS,Conservative Dentistry & Endodontics,6,
,,,,,MDS,Oral and Maxillofacial Surgery,3,
,,,,,MDS,Oral Medicine & Radiology,3,
,,,,,MDS,Oral & Maxillofacial Pathology and Oral Microbiology,3,
,,,,,MDS,Orthodonitics & Dentofacial Orthopedics,6,
,,,,,MDS,Pediatric and Preventive Dentistry,6,
197,"Tatyasaheb Kore Dental College & Research Centre, New Pargaon",Maharashtra,2002-03,Private,BDS,N/A,60,
,,,,,MDS,Conservative Dentistry & Endodontics,2,
,,,,,MDS,Prosthodontics and Crown & Bridge,2,
,,,,,MDS,Periodontology,2,
,,,,,MDS,Orthodonitics & Dentofacial Orthopedics,2,
198,"Terna Dental College & Hospital, Navi Mumbai",Maharashtra,2002-03,Private,BDS,N/A,100,
,,,,,MDS,Prosthodontics and Crown & Bridge,5,
,,,,,MDS,Periodontology,3,
,,,,,MDS,Oral and Maxillofacial Surgery,3,
,,,,,MDS,Conservative Dentistry & Endodontics,5,
,,,,,MDS,Pediatric and Preventive Dentistry,2,
,,,,,MDS,Orthodonitics & Dentofacial Orthopedics,2,
199,"Vasantdada Patil Dental College and Hospital, Sangli",Maharashtra,1989-90,Private,MDS,Prosthodontics and Crown & Bridge,2,
,,,,,MDS,Orthodonitics & Dentofacial Orthopedics,5,
,,,,,MDS,Oral Medicine & Radiology,3,
,,,,,MDS,Conservative Dentistry & Endodontics,5,
,,,,,MDS,Periodontology,2,
,,,,,MDS,Oral & Maxillofacial Pathology and Oral Microbiology,2,
,,,,,BDS,N/A,40,
200,"Vidarbha Youth Welfare Society’s Dental College & Hospital, Amravati",Maharashtra,1989-90,Private,BDS,N/A,100,
,,,,,MDS,Conservative Dentistry & Endodontics,2,
,,,,,MDS,Oral and Maxillofacial Surgery,2,
,,,,,MDS,Prosthodontics and Crown & Bridge,2,
,,,,,MDS,Periodontology,2,
,,,,,MDS,Orthodonitics & Dentofacial Orthopedics,2,
201,"Yerala Medical Trust & Research Centre’s Dental College & Hospital, Navi Mumbai",Maharashtra,2000-01,Private,MDS,Prosthodontics and Crown & Bridge,5,"* seats reducted in the speciality of Oral Pathology & Microbiology (Oral & Maxillofacial Pathology & Oral Microbiology) with 2 seats i.e. from 5 to 3 seats, as per the college request vide letter dated 23.6.2018 from the academic session 2019 – 20"
,,,,,MDS,Pediatric and Preventive Dentistry,5,
,,,,,MDS,Oral & Maxillofacial Pathology and Oral Microbiology,3,
,,,,,MDS,Periodontology,5,
,,,,,MDS,Conservative Dentistry & Endodontics,5,
,,,,,MDS,Orthodonitics & Dentofacial Orthopedics,5,
,,,,,MDS,Oral and Maxillofacial Surgery,5,
,,,,,MDS,Oral Medicine & Radiology,3,
,,,,,BDS,N/A,100,
202,"Yogita Dental College & Hospital, Ratnagiri",Maharashtra,2008-09,Private,BDS,N/A,100,
,,,,,MDS,Periodontology,2,
,,,,,MDS,Pediatric and Preventive Dentistry,3,
,,,,,MDS,Prosthodontics and Crown & Bridge,6,
,,,,,MDS,Conservative Dentistry & Endodontics,6,
,,,,,MDS,Orthodonitics & Dentofacial Orthopedics,6,
203,"Dental College, Jawaharlal Nehru Institute of Medical Sciences",Manipur,2017-18,Govt.,BDS,N/A,50,
204,"Dental College, RIMS, Imphal",Manipur,2013-14,Govt.,BDS,N/A,50,
205,"Hi-Tech Dental College & hospital, Bhubaneswar",Orissa,2006-07,Private,BDS,N/A,100,
,,,,,MDS,Oral and Maxillofacial Surgery,3,
,,,,,MDS,Orthodonitics & Dentofacial Orthopedics,3,
,,,,,MDS,Prosthodontics and Crown & Bridge,2,
,,,,,MDS,Conservative Dentistry & Endodontics,3,
206,"Institute of Dental Sciences, Bhubaneswar",Orissa,2006-07,Private,MDS,Orthodonitics & Dentofacial Orthopedics,5,
,,,,,MDS,Oral Medicine & Radiology,2,
,,,,,MDS,Oral and Maxillofacial Surgery,5,
,,,,,MDS,Conservative Dentistry & Endodontics,5,
,,,,,MDS,Oral & Maxillofacial Pathology and Oral Microbiology,2,
,,,,,BDS,N/A,100,
,,,,,MDS,Prosthodontics and Crown & Bridge,3,
,,,,,MDS,Public Health Dentistry,2,
,,,,,MDS,Pediatric and Preventive Dentistry,3,
,,,,,MDS,Periodontology,3,
207,"Kalinga Institute of Dental Sciences, Bhubaneswar",Orissa,2007-08,Private,MDS,Oral and Maxillofacial Surgery,5,
,,,,,MDS,Pediatric and Preventive Dentistry,5,
,,,,,BDS,N/A,100,
,,,,,MDS,Orthodonitics & Dentofacial Orthopedics,6,
,,,,,MDS,Oral & Maxillofacial Pathology and Oral Microbiology,2,
,,,,,MDS,Oral Medicine & Radiology,3,
,,,,,MDS,Conservative Dentistry & Endodontics,6,
,,,,,MDS,Prosthodontics and Crown & Bridge,6,
,,,,,MDS,Periodontology,5,
,,,,,MDS,Public Health Dentistry,3,
208,"S.C.B. Dental College & Hospital, Cuttack",Orissa,1983-84,Govt.,MDS,Public Health Dentistry,3,
,,,,,MDS,Oral Medicine & Radiology,3,
,,,,,MDS,Conservative Dentistry & Endodontics,3,
,,,,,MDS,Oral and Maxillofacial Surgery,3,
,,,,,MDS,Pediatric and Preventive Dentistry,3,
,,,,,MDS,Oral & Maxillofacial Pathology and Oral Microbiology,3,
,,,,,MDS,Prosthodontics and Crown & Bridge,3,
,,,,,MDS,Orthodonitics & Dentofacial Orthopedics,3,
,,,,,MDS,Periodontology,3,
,,,,,BDS,N/A,63,
209,"Indira Gandhi Institute of Dental Sciences, Pondicherry",Pondicherry,2006-07,Private,BDS,N/A,100,
,,,,,MDS,Prosthodontics and Crown & Bridge,3,
,,,,,MDS,Periodontology,3,
,,,,,MDS,Pediatric and Preventive Dentistry,3,
,,,,,MDS,Oral and Maxillofacial Surgery,3,
,,,,,MDS,Oral Medicine & Radiology,3,
,,,,,MDS,Oral & Maxillofacial Pathology and Oral Microbiology,3,
,,,,,MDS,Orthodonitics & Dentofacial Orthopedics,3,
,,,,,MDS,Public Health Dentistry,3,
,,,,,MDS,Conservative Dentistry & Endodontics,3,
210,"Mahatma Gandhi Post Graduate Institute of Dental Sciences, Puducherry",Pondicherry,1990-91,Govt.,BDS,N/A,125,
,,,,,MDS,Prosthodontics and Crown & Bridge,3,
,,,,,MDS,Oral & Maxillofacial Pathology and Oral Microbiology,3,
,,,,,MDS,Oral and Maxillofacial Surgery,3,
,,,,,MDS,Oral Medicine & Radiology,2,
,,,,,MDS,Pediatric and Preventive Dentistry,2,
,,,,,MDS,Periodontology,3,
,,,,,MDS,Conservative Dentistry & Endodontics,3,
211,"Mahe Institute of Dental Sciences & Hospital, Mahe",Pondicherry,2009-10,Private,BDS,N/A,100,
,,,,,MDS,Prosthodontics and Crown & Bridge,2,
,,,,,MDS,Conservative Dentistry & Endodontics,3,
,,,,,MDS,Orthodonitics & Dentofacial Orthopedics,3,
,,,,,MDS,Periodontology,3,
,,,,,MDS,Pediatric and Preventive Dentistry,3,
212,"Sri Venkateshwaraa Dental College, Puducherry",Pondicherry,2014-15,Private,MDS,Pediatric and Preventive Dentistry,3,
,,,,,MDS,Orthodonitics & Dentofacial Orthopedics,3,
,,,,,BDS,N/A,100,
,,,,,MDS,Conservative Dentistry & Endodontics,2,
,,,,,MDS,Prosthodontics and Crown & Bridge,2,
,,,,,MDS,Oral and Maxillofacial Surgery,2,
,,,,,MDS,Periodontology,2,
213,"Adesh Institute of Dental Sciences & Research, Bathinda",Punjab,2008-09,Private,BDS,N/A,100,
,,,,,MDS,Conservative Dentistry & Endodontics,3,
,,,,,MDS,Orthodonitics & Dentofacial Orthopedics,3,
214,"Baba Jaswant Singh Dental College Hospital & Research Institute, Ludhiana",Punjab,1997-98,Private,BDS,N/A,100,GOI vide letter No. V.12067/48A/2023-DE dated 05.07.2024 reduced the BDS seats from 100 to 50 for the AY 2024-25
,,,,,MDS,Pediatric and Preventive Dentistry,2,
,,,,,MDS,Prosthodontics and Crown & Bridge,2,
,,,,,MDS,Periodontology,2,
,,,,,MDS,Orthodonitics & Dentofacial Orthopedics,3,
,,,,,MDS,Conservative Dentistry & Endodontics,3,
215,"Christian Dental College, Ludhiana",Punjab,1992-93,Private,MDS,Pediatric and Preventive Dentistry,3,
,,,,,MDS,Oral and Maxillofacial Surgery,3,
,,,,,MDS,Prosthodontics and Crown & Bridge,3,
,,,,,BDS,N/A,40,
216,"Dasmesh Institute of Research & Dental Sciences, Faridkot",Punjab,1992-93,Private,MDS,Orthodonitics & Dentofacial Orthopedics,3,
,,,,,MDS,Pediatric and Preventive Dentistry,2,
,,,,,MDS,Conservative Dentistry & Endodontics,2,
,,,,,MDS,Oral and Maxillofacial Surgery,2,
,,,,,MDS,Prosthodontics and Crown & Bridge,3,
,,,,,MDS,Periodontology,3,
,,,,,MDS,Oral Medicine & Radiology,3,
,,,,,BDS,N/A,100,
217,"Desh Bhagat Dental College & Hospital, Mandi Gobindgarh",Punjab,1999-00,Private,BDS,N/A,100,
,,,,,MDS,Pediatric and Preventive Dentistry,3,
,,,,,MDS,Periodontology,3,
,,,,,MDS,Prosthodontics and Crown & Bridge,5,
,,,,,MDS,Orthodonitics & Dentofacial Orthopedics,5,
,,,,,MDS,Conservative Dentistry & Endodontics,5,
218,"Genesis Institute of Dental Sciences & Research, Ferozepur",Punjab,2005-06,Private,MDS,Pediatric and Preventive Dentistry,2,
,,,,,MDS,Oral & Maxillofacial Pathology and Oral Microbiology,2,
,,,,,BDS,N/A,100,
,,,,,MDS,Orthodonitics & Dentofacial Orthopedics,2,
,,,,,MDS,Periodontology,3,
,,,,,MDS,Conservative Dentistry & Endodontics,3,
,,,,,MDS,Oral Medicine & Radiology,2,
,,,,,MDS,Prosthodontics and Crown & Bridge,2,
219,Gian Sagar Dental College & Hospital,Punjab,2021-22,Private,BDS,N/A,100,Admission is allowed in terms of judgement dated 18.08.2022 & 22.08.2022 of the Hon ble Punjab & Haryana High Court at Chandigarh passed in CWP No. 13846 of 2022. Please Click here for see the Order. Please click here for see the orders.
220,"Govt. Dental College & Hospital, Patiala",Punjab,1956-57,Govt.,BDS,N/A,50,
,,,,,MDS,Periodontology,2,
,,,,,MDS,Prosthodontics and Crown & Bridge,2,
,,,,,MDS,Conservative Dentistry & Endodontics,3,
,,,,,MDS,Pediatric and Preventive Dentistry,2,
221,"Guru Nanak Dev Dental College & Research Institute, Sunam",Punjab,1996-97,Private,MDS,Orthodonitics & Dentofacial Orthopedics,2,
,,,,,MDS,Oral Medicine & Radiology,2,
,,,,,MDS,Conservative Dentistry & Endodontics,2,
,,,,,MDS,Oral and Maxillofacial Surgery,3,
,,,,,MDS,Prosthodontics and Crown & Bridge,2,
,,,,,MDS,Pediatric and Preventive Dentistry,3,
,,,,,MDS,Periodontology,3,
,,,,,BDS,N/A,100,
222,"Luxmi Bai Institute of Dental Sciences & Hospital, Patiala",Punjab,2001-02,Private,BDS,N/A,100,
,,,,,MDS,Periodontology,2,
,,,,,MDS,Prosthodontics and Crown & Bridge,3,
223,"National Dental College & Hospital, Gulabgarh",Punjab,2000-01,Private,MDS,Pediatric and Preventive Dentistry,3,
,,,,,MDS,Periodontology,4,
,,,,,MDS,Orthodonitics & Dentofacial Orthopedics,3,
,,,,,MDS,Prosthodontics and Crown & Bridge,2,
,,,,,MDS,Conservative Dentistry & Endodontics,6,
,,,,,MDS,Oral and Maxillofacial Surgery,2,
,,,,,BDS,N/A,100,
224,"Pb. Govt. Dental College & Hospital, Amritsar",Punjab,1952-53,Govt.,MDS,Periodontology,3,
,,,,,MDS,Prosthodontics and Crown & Bridge,3,
,,,,,MDS,Pediatric and Preventive Dentistry,6,
,,,,,MDS,Oral and Maxillofacial Surgery,3,
,,,,,MDS,Conservative Dentistry & Endodontics,3,
,,,,,BDS,N/A,50,
225,"Rayat Bahra Dental College, Mohali",Punjab,2010-11,Private,BDS,N/A,50,GOI vide letter dated 05.07.2024 reduced BDS seats from 100 to 50 for AY 2024-25; final decision for 2025-26 is awaited
226,"Shaheed Kartar Singh Sarabha Dental College & Hospital, Ludhiana",Punjab,2008-09,Private,BDS,N/A,50,
227,"Sri Guru Ram Das Institute of Dental Sciences & Research, Amritsar",Punjab,1992-93,Private,BDS,N/A,60,
,,,,,MDS,Periodontology,3,
,,,,,MDS,Orthodonitics & Dentofacial Orthopedics,3,
,,,,,MDS,Pediatric and Preventive Dentistry,3,
,,,,,MDS,Conservative Dentistry & Endodontics,3,
,,,,,MDS,Oral and Maxillofacial Surgery,3,
,,,,,MDS,Prosthodontics and Crown & Bridge,3,
228,"Sukhmani Dental College & Hospital, Derabassi",Punjab,2012-13,Private,BDS,N/A,100,
229,"Darshan Dental College & Hospital, Udaipur",Rajasthan,2000-01,Private,BDS,N/A,100,
,,,,,MDS,Pediatric and Preventive Dentistry,3,
,,,,,MDS,Orthodonitics & Dentofacial Orthopedics,3,
,,,,,MDS,Public Health Dentistry,2,
,,,,,MDS,Oral Medicine & Radiology,3,
,,,,,MDS,Conservative Dentistry & Endodontics,6,
,,,,,MDS,Prosthodontics and Crown & Bridge,3,
,,,,,MDS,Oral and Maxillofacial Surgery,3,
,,,,,MDS,Periodontology,3,
230,"Daswani Dental College & Research Centre, Kota",Rajasthan,2008-09,Private,MDS,Prosthodontics and Crown & Bridge,3,
,,,,,MDS,Oral & Maxillofacial Pathology and Oral Microbiology,2,
,,,,,MDS,Periodontology,2,
,,,,,MDS,Oral Medicine & Radiology,2,
,,,,,MDS,Orthodonitics & Dentofacial Orthopedics,3,
,,,,,MDS,Oral and Maxillofacial Surgery,2,
,,,,,BDS,N/A,100,
,,,,,MDS,Conservative Dentistry & Endodontics,3,
,,,,,MDS,Pediatric and Preventive Dentistry,3,
231,Dr. S. S. Tantia Dental College Hospital and Research Centre,Rajasthan,,,BDS,N/A,100,
232,"Eklavya Dental College & Hospital, Kotputli",Rajasthan,2005-06,Private,BDS,N/A,50,GOI vide letter No. V.12017/18/2022 dated 09.06.2024 reduced the 50% of BDS seats i..e 100 to 50 from the AY 2023-24
233,"Geetanjali Dental & Research Institute, Udaipur",Rajasthan,2014-15,Private,BDS,N/A,100,
,,,,,MDS,Prosthodontics and Crown & Bridge,6,
,,,,,MDS,Orthodonitics & Dentofacial Orthopedics,6,
,,,,,MDS,Oral and Maxillofacial Surgery,5,
,,,,,MDS,Conservative Dentistry & Endodontics,5,
234,"Govt. Dental College & Hospital, Jaipur",Rajasthan,1988-89,Govt.,BDS,N/A,50,
,,,,,MDS,Oral and Maxillofacial Surgery,3,
,,,,,MDS,Conservative Dentistry & Endodontics,3,
,,,,,MDS,Periodontology,3,
,,,,,MDS,Orthodonitics & Dentofacial Orthopedics,5,
,,,,,MDS,Prosthodontics and Crown & Bridge,3,
,,,,,MDS,Pediatric and Preventive Dentistry,3,
,,,,,MDS,Oral & Maxillofacial Pathology and Oral Microbiology,2,
,,,,,MDS,Oral Medicine & Radiology,3,
,,,,,MDS,Public Health Dentistry,3,
235,"Jaipur Dental College, Jaipur",Rajasthan,2000-01,Private,MDS,Orthodonitics & Dentofacial Orthopedics,6,
,,,,,MDS,Periodontology,6,
,,,,,MDS,Oral and Maxillofacial Surgery,6,
,,,,,BDS,N/A,100,
,,,,,MDS,Oral & Maxillofacial Pathology and Oral Microbiology,3,
,,,,,MDS,Conservative Dentistry & Endodontics,6,
,,,,,MDS,Prosthodontics and Crown & Bridge,6,
,,,,,MDS,Pediatric and Preventive Dentistry,6,
,,,,,MDS,Oral Medicine & Radiology,3,
,,,,,MDS,Public Health Dentistry,3,
236,"Jodhpur Dental College General Hospital, Jodhpur",Rajasthan,2003-04,Private,MDS,Prosthodontics and Crown & Bridge,0,"Admissions stopped - GOI vide its letter No. V. 12017/02/2018-DE dated 26.8.2020, has already stopped admissions to BDS /MDS Courses from the Academic Year 2020-21 onwards. The GOI vide its letter No. V. 12017/02/2018-DE dated 26.8.2020, has already stopped admissions to BDS /MDS Courses from the Academic Year 2020-21 onwards."
,,,,,MDS,Orthodonitics & Dentofacial Orthopedics,0,
,,,,,MDS,Pediatric and Preventive Dentistry,0,
,,,,,MDS,Periodontology,0,
,,,,,MDS,Oral Medicine & Radiology,0,
,,,,,MDS,Oral and Maxillofacial Surgery,0,
,,,,,MDS,Conservative Dentistry & Endodontics,0,
,,,,,BDS,N/A,0,
237,"Maharaja Ganga Singh Dental College & Research Centre, Sri Ganganagar",Rajasthan,2008-09,Private,BDS,N/A,100,
,,,,,MDS,Prosthodontics and Crown & Bridge,3,
,,,,,MDS,Oral & Maxillofacial Pathology and Oral Microbiology,2,
,,,,,MDS,Periodontology,3,
,,,,,MDS,Orthodonitics & Dentofacial Orthopedics,2,
,,,,,MDS,Oral and Maxillofacial Surgery,3,
,,,,,MDS,Conservative Dentistry & Endodontics,3,
,,,,,MDS,Pediatric and Preventive Dentistry,2,
238,"Mahatma Gandhi Dental College & Hospital, Sitapura, Jaipur",Rajasthan,2003-04,Private,MDS,Orthodonitics & Dentofacial Orthopedics,5,
,,,,,MDS,Prosthodontics and Crown & Bridge,5,
,,,,,MDS,Periodontology,3,
,,,,,MDS,Conservative Dentistry & Endodontics,5,
,,,,,MDS,Pediatric and Preventive Dentistry,5,
,,,,,BDS,N/A,100,
,,,,,MDS,Oral Medicine & Radiology,3,
,,,,,MDS,Oral and Maxillofacial Surgery,5,
239,"NIMS Dental College, Jaipur",Rajasthan,2006-07,Private,BDS,N/A,100,
,,,,,MDS,Prosthodontics and Crown & Bridge,5,
,,,,,MDS,Periodontology,3,
,,,,,MDS,Oral and Maxillofacial Surgery,5,
,,,,,MDS,Oral & Maxillofacial Pathology and Oral Microbiology,2,
,,,,,MDS,Orthodonitics & Dentofacial Orthopedics,5,
,,,,,MDS,Pediatric and Preventive Dentistry,2,
,,,,,MDS,Oral Medicine & Radiology,3,
,,,,,MDS,Public Health Dentistry,2,
,,,,,MDS,Conservative Dentistry & Endodontics,5,
240,Pacific Dental College & Research Centre,Rajasthan,2015-16,Private,BDS,N/A,100,
,,,,,MDS,Pediatric and Preventive Dentistry,2,
,,,,,MDS,Oral Medicine & Radiology,2,
,,,,,MDS,Orthodonitics & Dentofacial Orthopedics,3,
,,,,,MDS,Prosthodontics and Crown & Bridge,3,
,,,,,MDS,Oral and Maxillofacial Surgery,3,
,,,,,MDS,Conservative Dentistry & Endodontics,3,
,,,,,MDS,Periodontology,2,
241,"Pacific Dental College, udaipur",Rajasthan,2000-01,Private,MDS,Prosthodontics and Crown & Bridge,6,
,,,,,MDS,Oral and Maxillofacial Surgery,5,
,,,,,MDS,Periodontology,6,
,,,,,MDS,Conservative Dentistry & Endodontics,6,
,,,,,MDS,Oral & Maxillofacial Pathology and Oral Microbiology,6,
,,,,,MDS,Pediatric and Preventive Dentistry,6,
,,,,,MDS,Orthodonitics & Dentofacial Orthopedics,6,
,,,,,MDS,Public Health Dentistry,3,
,,,,,MDS,Oral Medicine & Radiology,6,
,,,,,BDS,N/A,100,
242,"R.R. Dental College & Hospital, Udaipur",Rajasthan,2011-12,Private,BDS,N/A,100,
243,"Rajasthan Dental College & Hospital, Jaipur",Rajasthan,2002-03,Private,BDS,N/A,100,
,,,,,MDS,Prosthodontics and Crown & Bridge,3,
,,,,,MDS,Periodontology,3,
,,,,,MDS,Conservative Dentistry & Endodontics,3,
,,,,,MDS,Orthodonitics & Dentofacial Orthopedics,3,
,,,,,MDS,Oral Medicine & Radiology,3,
,,,,,MDS,Pediatric and Preventive Dentistry,3,
,,,,,MDS,Oral and Maxillofacial Surgery,3,
,,,,,MDS,Oral & Maxillofacial Pathology and Oral Microbiology,3,
,,,,,MDS,Public Health Dentistry,3,
244,"Surendera Dental College & Research Institute, Sri Ganganagar",Rajasthan,2003-04,Private,MDS,Oral Medicine & Radiology,3,
,,,,,MDS,Public Health Dentistry,3,
,,,,,MDS,Periodontology,3,
,,,,,MDS,Pediatric and Preventive Dentistry,3,
,,,,,MDS,Oral and Maxillofacial Surgery,3,
,,,,,MDS,Oral & Maxillofacial Pathology and Oral Microbiology,3,
,,,,,MDS,Orthodonitics & Dentofacial Orthopedics,3,
,,,,,MDS,Conservative Dentistry & Endodontics,3,
,,,,,BDS,N/A,100,
,,,,,MDS,Prosthodontics and Crown & Bridge,3,
245,"Vyas Dental College & Hospital, Jodhpur",Rajasthan,2006-07,Private,MDS,Public Health Dentistry,3,GOI vide letter dated 05.07.2024 reduced BDS seats from 100 to 50 for AY 2024-25; final decision for 2025-26 is awaited
,,,,,MDS,Periodontology,3,
,,,,,MDS,Conservative Dentistry & Endodontics,3,
,,,,,MDS,Oral & Maxillofacial Pathology and Oral Microbiology,3,
,,,,,MDS,Prosthodontics and Crown & Bridge,3,
,,,,,MDS,Pediatric and Preventive Dentistry,3,
,,,,,BDS,N/A,50,
,,,,,MDS,Oral and Maxillofacial Surgery,3,
,,,,,MDS,Oral Medicine & Radiology,3,
,,,,,MDS,Orthodonitics & Dentofacial Orthopedics,3,
246,"Adhiparasakthi Dental College & Hospital, Melmaruvathur",Tamil Nadu,2005-06,Private,BDS,N/A,100,
,,,,,MDS,Prosthodontics and Crown & Bridge,5,
,,,,,MDS,Oral and Maxillofacial Surgery,5,
,,,,,MDS,Conservative Dentistry & Endodontics,5,
,,,,,MDS,Periodontology,5,
,,,,,MDS,Oral & Maxillofacial Pathology and Oral Microbiology,2,
,,,,,MDS,Orthodonitics & Dentofacial Orthopedics,5,
,,,,,MDS,Pediatric and Preventive Dentistry,3,
247,"Asan Memorial Dental College & Hospital, Kancheepuram",Tamil Nadu,2011-12,Private,BDS,N/A,100,
248,"Best Dental Science College, Madurai",Tamil Nadu,2007-08,Private,BDS,N/A,100,
,,,,,MDS,Periodontology,2,
,,,,,MDS,Oral Medicine & Radiology,2,
,,,,,MDS,Oral and Maxillofacial Surgery,2,
,,,,,MDS,Public Health Dentistry,3,
,,,,,MDS,Oral & Maxillofacial Pathology and Oral Microbiology,2,
,,,,,MDS,Orthodonitics & Dentofacial Orthopedics,2,
,,,,,MDS,Conservative Dentistry & Endodontics,2,
249,"Chettinad Dental College & Research Institute, Kancheepuram",Tamil Nadu,2007-08,Private,MDS,Conservative Dentistry & Endodontics,6,
,,,,,MDS,Oral Medicine & Radiology,2,
,,,,,MDS,Periodontology,3,
,,,,,MDS,Orthodonitics & Dentofacial Orthopedics,6,
,,,,,MDS,Prosthodontics and Crown & Bridge,5,
,,,,,MDS,Public Health Dentistry,3,
,,,,,BDS,N/A,100,
,,,,,MDS,Oral and Maxillofacial Surgery,5,
,,,,,MDS,Pediatric and Preventive Dentistry,6,
,,,,,MDS,Oral & Maxillofacial Pathology and Oral Microbiology,2,
250,"CSI College of Dental Sciences & Research, Madurai",Tamil Nadu,2007-08,Private,MDS,Oral and Maxillofacial Surgery,3,
,,,,,MDS,Oral & Maxillofacial Pathology and Oral Microbiology,3,
,,,,,MDS,Orthodonitics & Dentofacial Orthopedics,3,
,,,,,MDS,Conservative Dentistry & Endodontics,3,
,,,,,MDS,Periodontology,3,
,,,,,MDS,Prosthodontics and Crown & Bridge,3,
,,,,,BDS,N/A,100,
251,Dhanalakshmi Srinivasan Dental College,Tamil Nadu,2020-21,Private,BDS,N/A,100,
252,"Government Dental College, Pudukkottai",Tamil Nadu,2023-24,Govt.,BDS,N/A,50,
253,"Govt. Dental College & Hospital, Cuddalore",Tamil Nadu,1980-81,Govt.,BDS,N/A,113,DCI recommended to GOI to reduce 13 BDS seats under EWS category from the AY 2024-25 as college have not taken any admissions under EWS category
,,,,,MDS,Prosthodontics and Crown & Bridge,4,
,,,,,MDS,Oral & Maxillofacial Pathology and Oral Microbiology,3,
,,,,,MDS,Conservative Dentistry & Endodontics,4,
,,,,,MDS,Oral Medicine & Radiology,3,
,,,,,MDS,Oral and Maxillofacial Surgery,6,
,,,,,MDS,Periodontology,6,
,,,,,MDS,Orthodonitics & Dentofacial Orthopedics,6,
,,,,,MDS,Pediatric and Preventive Dentistry,5,
254,"JKK Natrajah Dental College & Hospital, Komarapalayam",Tamil Nadu,1987-88,Private,MDS,Periodontology,2,
,,,,,MDS,Orthodonitics & Dentofacial Orthopedics,5,
,,,,,MDS,Conservative Dentistry & Endodontics,5,
,,,,,MDS,Prosthodontics and Crown & Bridge,3,
,,,,,MDS,Oral Medicine & Radiology,3,
,,,,,BDS,N/A,100,
255,"K.S.R. Institute of Dental Science & Research, Tiruchengode",Tamil Nadu,2004-05,Private,BDS,N/A,100,
,,,,,MDS,Conservative Dentistry & Endodontics,3,
,,,,,MDS,Periodontology,3,
,,,,,MDS,Orthodonitics & Dentofacial Orthopedics,3,
,,,,,MDS,Oral & Maxillofacial Pathology and Oral Microbiology,3,
,,,,,MDS,Pediatric and Preventive Dentistry,2,
,,,,,MDS,Oral Medicine & Radiology,3,
,,,,,MDS,Prosthodontics and Crown & Bridge,3,
256,"Karpaga Vinayaga Institute of Dental Sciences, Kanchipuram",Tamil Nadu,2007-08,Private,MDS,Periodontology,2,
,,,,,MDS,Prosthodontics and Crown & Bridge,3,
,,,,,MDS,Oral and Maxillofacial Surgery,3,
,,,,,MDS,Oral & Maxillofacial Pathology and Oral Microbiology,2,
,,,,,BDS,N/A,100,
,,,,,MDS,Orthodonitics & Dentofacial Orthopedics,3,
,,,,,MDS,Pediatric and Preventive Dentistry,2,
,,,,,MDS,Public Health Dentistry,2,
,,,,,MDS,Oral Medicine & Radiology,2,
,,,,,MDS,Conservative Dentistry & Endodontics,3,
257,"Madha Dental College & Hospital, Kundrathur",Tamil Nadu,2007-08,Private,MDS,Prosthodontics and Crown & Bridge,3,
,,,,,MDS,Pediatric and Preventive Dentistry,3,
,,,,,MDS,Public Health Dentistry,2,
,,,,,MDS,Conservative Dentistry & Endodontics,3,
,,,,,MDS,Oral Medicine & Radiology,2,
,,,,,MDS,Periodontology,3,
,,,,,BDS,N/A,100,
,,,,,MDS,Oral & Maxillofacial Pathology and Oral Microbiology,2,
,,,,,MDS,Oral and Maxillofacial Surgery,3,
,,,,,MDS,Orthodonitics & Dentofacial Orthopedics,3,
258,"Meenakshi Ammal Dental College & Hospital, Chennai",Tamil Nadu,1990-91,Private,BDS,N/A,100,
,,,,,MDS,Oral & Maxillofacial Pathology and Oral Microbiology,6,
,,,,,MDS,Periodontology,6,
,,,,,MDS,Conservative Dentistry & Endodontics,6,
,,,,,MDS,Prosthodontics and Crown & Bridge,5,
,,,,,MDS,Orthodonitics & Dentofacial Orthopedics,7,
,,,,,MDS,Oral and Maxillofacial Surgery,7,
,,,,,MDS,Pediatric and Preventive Dentistry,3,
,,,,,MDS,Oral Medicine & Radiology,4,
,,,,,MDS,Public Health Dentistry,3,
259,Nandha Dental College and Hospital,Tamil Nadu,2022-23,Private,BDS,N/A,100,
260,"Priyadarshini Dental College & Hospital, Pandur",Tamil Nadu,2007-08,Private,MDS,Pediatric and Preventive Dentistry,3,
,,,,,MDS,Prosthodontics and Crown & Bridge,3,
,,,,,MDS,Periodontology,3,
,,,,,MDS,Oral and Maxillofacial Surgery,3,
,,,,,MDS,Conservative Dentistry & Endodontics,3,
,,,,,BDS,N/A,100,
,,,,,MDS,Orthodonitics & Dentofacial Orthopedics,3,
261,"R.V.S. Dental College & Hospital, Sulur",Tamil Nadu,2008-09,Private,MDS,Pediatric and Preventive Dentistry,2,
,,,,,MDS,Periodontology,3,
,,,,,MDS,Conservative Dentistry & Endodontics,3,
,,,,,MDS,Prosthodontics and Crown & Bridge,3,
,,,,,BDS,N/A,100,
,,,,,MDS,Orthodonitics & Dentofacial Orthopedics,3,
,,,,,MDS,Oral and Maxillofacial Surgery,2,
262,"Ragas Dental College & Hospital, Chennai",Tamil Nadu,1988-89,Private,MDS,Oral and Maxillofacial Surgery,3,GOI vide letter dated 05.07.2024 reduced BDS seats from 100 to 50 for AY 2024-25; decision for 2025-26 is awaited GOI vide letter No. V.12067/48A/2023-DE dated 05.07.2024 reduce the 2nd / 3rd unit of MDS recognised seats for the academic session 2024-25.
,,,,,MDS,Conservative Dentistry & Endodontics,3,
,,,,,MDS,Oral & Maxillofacial Pathology and Oral Microbiology,3,
,,,,,MDS,Orthodonitics & Dentofacial Orthopedics,3,
,,,,,MDS,Prosthodontics and Crown & Bridge,3,
,,,,,MDS,Pediatric and Preventive Dentistry,2,
,,,,,MDS,Periodontology,3,
,,,,,MDS,Oral Medicine & Radiology,3,
,,,,,MDS,Public Health Dentistry,3,
,,,,,BDS,N/A,50,
263,"Rajas Dental College & Hospital, Kavalkinaru Jn",Tamil Nadu,1987-88,Private,BDS,N/A,100,"Admission is allowed as the Hon,ble High Court of Madras has vide its order dated 9.11.2021 passed in WP No. 24082/2021 put an interim stay on the operation of GOI letter dated 2.8.2021 Please click here for see the orders."
,,,,,MDS,Oral and Maxillofacial Surgery,2,
,,,,,MDS,Periodontology,2,
,,,,,MDS,Orthodonitics & Dentofacial Orthopedics,2,
,,,,,MDS,Prosthodontics and Crown & Bridge,3,
,,,,,MDS,Oral & Maxillofacial Pathology and Oral Microbiology,2,
,,,,,MDS,Conservative Dentistry & Endodontics,3,
,,,,,MDS,Oral Medicine & Radiology,1,
264,"S.R.M. Dental College, Ramapuram, Chennai",Tamil Nadu,1996-97,Private,BDS,N/A,100,
,,,,,MDS,Conservative Dentistry & Endodontics,8,
,,,,,MDS,Public Health Dentistry,2,
,,,,,MDS,Pediatric and Preventive Dentistry,2,
,,,,,MDS,Oral Medicine & Radiology,3,
,,,,,MDS,Periodontology,8,
,,,,,MDS,Oral & Maxillofacial Pathology and Oral Microbiology,6,
,,,,,MDS,Oral and Maxillofacial Surgery,8,
,,,,,MDS,Orthodonitics & Dentofacial Orthopedics,9,
,,,,,MDS,Prosthodontics and Crown & Bridge,8,
265,"Sathyabama University Dental College and Hospital, Chennai",Tamil Nadu,2009-10,Private,BDS,N/A,100,
,,,,,MDS,Conservative Dentistry & Endodontics,3,
,,,,,MDS,Orthodonitics & Dentofacial Orthopedics,2,
,,,,,MDS,Pediatric and Preventive Dentistry,2,
266,"Saveetha Dental College & Hospital, Chennai",Tamil Nadu,1988-89,Private,MDS,Conservative Dentistry & Endodontics,8,
,,,,,BDS,N/A,100,
,,,,,MDS,Periodontology,5,
,,,,,MDS,Oral & Maxillofacial Pathology and Oral Microbiology,5,
,,,,,MDS,Pediatric and Preventive Dentistry,5,
,,,,,MDS,Public Health Dentistry,3,
,,,,,MDS,Prosthodontics and Crown & Bridge,6,
,,,,,MDS,Oral and Maxillofacial Surgery,7,
,,,,,MDS,Orthodonitics & Dentofacial Orthopedics,7,
,,,,,MDS,Oral Medicine & Radiology,5,
267,"Sree Balaji Dental College & Hospital, Narayanpuram",Tamil Nadu,1989-90,Private,MDS,Oral & Maxillofacial Pathology and Oral Microbiology,4,
,,,,,MDS,Orthodonitics & Dentofacial Orthopedics,4,
,,,,,MDS,Prosthodontics and Crown & Bridge,4,
,,,,,BDS,N/A,100,
,,,,,MDS,Conservative Dentistry & Endodontics,4,
,,,,,MDS,Pediatric and Preventive Dentistry,2,
,,,,,MDS,Oral Medicine & Radiology,3,
,,,,,MDS,Periodontology,4,
,,,,,MDS,Oral and Maxillofacial Surgery,4,
268,"Sree Mookambika Institute of Dental Sciences, Kulasekharam",Tamil Nadu,1999-00,Private,MDS,Periodontology,2,
,,,,,MDS,Oral and Maxillofacial Surgery,2,
,,,,,MDS,Prosthodontics and Crown & Bridge,2,
,,,,,MDS,Conservative Dentistry & Endodontics,2,
,,,,,MDS,Orthodonitics & Dentofacial Orthopedics,2,
,,,,,BDS,N/A,50,
,,,,,MDS,Oral Medicine & Radiology,3,
,,,,,MDS,Oral & Maxillofacial Pathology and Oral Microbiology,3,
269,"Sri Ramachandra Dental College & Hospital, Porur",Tamil Nadu,1995-96,Private,MDS,Periodontology,6,
,,,,,MDS,Oral Medicine & Radiology,2,
,,,,,MDS,Oral & Maxillofacial Pathology and Oral Microbiology,3,
,,,,,MDS,Conservative Dentistry & Endodontics,6,
,,,,,MDS,Pediatric and Preventive Dentistry,3,
,,,,,MDS,Oral and Maxillofacial Surgery,6,
,,,,,MDS,Prosthodontics and Crown & Bridge,6,
,,,,,MDS,Orthodonitics & Dentofacial Orthopedics,6,
,,,,,BDS,N/A,100,
270,"Sri Ramakrishna Dental College & Hospital, Coimbatore",Tamil Nadu,2000-01,Private,BDS,N/A,100,"Admission is allowed. However, GOI decision is awaited."
,,,,,MDS,Periodontology,3,
,,,,,MDS,Prosthodontics and Crown & Bridge,3,
,,,,,MDS,Conservative Dentistry & Endodontics,3,
,,,,,MDS,Orthodonitics & Dentofacial Orthopedics,2,
,,,,,MDS,Oral and Maxillofacial Surgery,2,
271,"Sri Venkateswara Dental College & Hospital, Kancheepuram",Tamil Nadu,2007-08,Private,BDS,N/A,100,
,,,,,MDS,Periodontology,5,
,,,,,MDS,Conservative Dentistry & Endodontics,6,
,,,,,MDS,Prosthodontics and Crown & Bridge,5,
,,,,,MDS,Orthodonitics & Dentofacial Orthopedics,6,
,,,,,MDS,Pediatric and Preventive Dentistry,3,
272,"SRM Kattankulathur Dental College & Hospital, Kanchipuram",Tamil Nadu,2007-08,Private,BDS,N/A,100,
,,,,,MDS,Orthodonitics & Dentofacial Orthopedics,3,
,,,,,MDS,Conservative Dentistry & Endodontics,3,
,,,,,MDS,Oral and Maxillofacial Surgery,3,
,,,,,MDS,Prosthodontics and Crown & Bridge,3,
,,,,,MDS,Pediatric and Preventive Dentistry,3,
,,,,,MDS,Periodontology,3,
273,"Tagore Dental College & Hospital, Chennai",Tamil Nadu,2007-08,Private,MDS,Prosthodontics and Crown & Bridge,5,
,,,,,BDS,N/A,100,
,,,,,MDS,Orthodonitics & Dentofacial Orthopedics,6,
,,,,,MDS,Conservative Dentistry & Endodontics,6,
,,,,,MDS,Oral and Maxillofacial Surgery,5,
274,"Tamil Nadu Government Dental College & Hospital, Chennai",Tamil Nadu,1952-53,Govt.,MDS,Prosthodontics and Crown & Bridge,6,
,,,,,MDS,Oral Medicine & Radiology,5,
,,,,,MDS,Public Health Dentistry,3,
,,,,,MDS,Oral and Maxillofacial Surgery,6,
,,,,,MDS,Periodontology,6,
,,,,,MDS,Conservative Dentistry & Endodontics,6,
,,,,,MDS,Orthodonitics & Dentofacial Orthopedics,6,
,,,,,BDS,N/A,100,
,,,,,MDS,Oral & Maxillofacial Pathology and Oral Microbiology,4,
275,"Thai Moogambigai Dental College & Hospital, Chennai",Tamil Nadu,1991-92,Private,MDS,Oral and Maxillofacial Surgery,5,
,,,,,MDS,Prosthodontics and Crown & Bridge,5,
,,,,,MDS,Conservative Dentistry & Endodontics,5,
,,,,,MDS,Periodontology,5,
,,,,,MDS,Pediatric and Preventive Dentistry,3,
,,,,,MDS,Oral & Maxillofacial Pathology and Oral Microbiology,3,
,,,,,MDS,Oral Medicine & Radiology,2,
,,,,,MDS,Orthodonitics & Dentofacial Orthopedics,6,
,,,,,BDS,N/A,100,
276,"Vinayaka Mission’s Sankarachariyar Dental College, Salem",Tamil Nadu,1986-87,Private,MDS,Oral and Maxillofacial Surgery,5,
,,,,,MDS,Orthodonitics & Dentofacial Orthopedics,5,
,,,,,MDS,Periodontology,5,
,,,,,MDS,Oral & Maxillofacial Pathology and Oral Microbiology,2,
,,,,,MDS,Prosthodontics and Crown & Bridge,5,
,,,,,MDS,Pediatric and Preventive Dentistry,5,
,,,,,MDS,Conservative Dentistry & Endodontics,5,
,,,,,MDS,Oral Medicine & Radiology,3,
,,,,,MDS,Public Health Dentistry,3,
,,,,,BDS,N/A,100,
277,"Vivekanandha Dental College for Women, Elayampalayam",Tamil Nadu,2007-08,Private,MDS,Periodontology,3,
,,,,,MDS,Oral Medicine & Radiology,2,
,,,,,MDS,Orthodonitics & Dentofacial Orthopedics,5,
,,,,,MDS,Conservative Dentistry & Endodontics,6,
,,,,,MDS,Prosthodontics and Crown & Bridge,2,
,,,,,MDS,Oral and Maxillofacial Surgery,3,
,,,,,MDS,Public Health Dentistry,2,
,,,,,MDS,Oral & Maxillofacial Pathology and Oral Microbiology,3,
,,,,,MDS,Pediatric and Preventive Dentistry,3,
,,,,,BDS,N/A,100,
278,"Army College of Dental Sciences, Secunderabad",Telangana,2001-02,Private,MDS,Conservative Dentistry & Endodontics,3,
,,,,,MDS,Orthodonitics & Dentofacial Orthopedics,2,
,,,,,MDS,Oral and Maxillofacial Surgery,2,
,,,,,BDS,N/A,50,
,,,,,MDS,Pediatric and Preventive Dentistry,2,
,,,,,MDS,Periodontology,3,
,,,,,MDS,Prosthodontics and Crown & Bridge,3,
279,"Government Dental College and Hospital, Hyderabad",Telangana,1959-60,Govt.,BDS,N/A,100,
,,,,,MDS,Oral and Maxillofacial Surgery,3,
,,,,,MDS,Conservative Dentistry & Endodontics,3,
,,,,,MDS,Pediatric and Preventive Dentistry,3,
,,,,,MDS,Oral & Maxillofacial Pathology and Oral Microbiology,3,
,,,,,MDS,Public Health Dentistry,3,
,,,,,MDS,Orthodonitics & Dentofacial Orthopedics,3,
,,,,,MDS,Oral Medicine & Radiology,3,
,,,,,MDS,Prosthodontics and Crown & Bridge,3,
,,,,,MDS,Periodontology,3,
280,"Kamineni Institute of Dental Sciences, Nalgonda",Telangana,2001-02,Private,BDS,N/A,100,
,,,,,MDS,Prosthodontics and Crown & Bridge,6,
,,,,,MDS,Pediatric and Preventive Dentistry,2,
,,,,,MDS,Conservative Dentistry & Endodontics,2,
,,,,,MDS,Periodontology,6,
,,,,,MDS,Orthodonitics & Dentofacial Orthopedics,3,
,,,,,MDS,Oral and Maxillofacial Surgery,6,
,,,,,MDS,Oral Medicine & Radiology,2,
281,"Malla Reddy Dental College for Women, Hyderabad",Telangana,2013-14,Private,MDS,Pediatric and Preventive Dentistry,2,
,,,,,BDS,N/A,100,
,,,,,MDS,Oral and Maxillofacial Surgery,3,
,,,,,MDS,Orthodonitics & Dentofacial Orthopedics,3,
,,,,,MDS,Conservative Dentistry & Endodontics,3,
,,,,,MDS,Prosthodontics and Crown & Bridge,3,
,,,,,MDS,Periodontology,3,
282,"Malla Reddy Institute of Dental Sciences,Hyderabad",Telangana,2011-12,Private,BDS,N/A,100,
,,,,,MDS,Prosthodontics and Crown & Bridge,2,
,,,,,MDS,Orthodonitics & Dentofacial Orthopedics,2,
,,,,,MDS,Periodontology,2,
,,,,,MDS,Oral and Maxillofacial Surgery,3,
,,,,,MDS,Conservative Dentistry & Endodontics,3,
283,"Mamata Dental College, Khamam",Telangana,2001-02,Private,MDS,Oral & Maxillofacial Pathology and Oral Microbiology,5,
,,,,,MDS,Public Health Dentistry,3,
,,,,,MDS,Oral Medicine & Radiology,3,
,,,,,MDS,Prosthodontics and Crown & Bridge,6,
,,,,,MDS,Conservative Dentistry & Endodontics,6,
,,,,,MDS,Periodontology,5,
,,,,,MDS,Orthodonitics & Dentofacial Orthopedics,3,
,,,,,MDS,Oral and Maxillofacial Surgery,5,
,,,,,MDS,Pediatric and Preventive Dentistry,5,
,,,,,BDS,N/A,100,
284,Mamata Institute of Dental Sciences,Telangana,2020-21,Private,BDS,N/A,100,
285,"Meghna Institute of Dental Sciences, Nizamabad",Telangana,2004-05,Private,BDS,N/A,100,
,,,,,MDS,Oral and Maxillofacial Surgery,3,
,,,,,MDS,Oral Medicine & Radiology,3,
,,,,,MDS,Orthodonitics & Dentofacial Orthopedics,5,
,,,,,MDS,Conservative Dentistry & Endodontics,5,
,,,,,MDS,Pediatric and Preventive Dentistry,3,
,,,,,MDS,Prosthodontics and Crown & Bridge,5,
,,,,,MDS,Periodontology,5,
286,"MNR DENTAL COLLEGE & HOSPITAL , MEDAK",Telangana,2006-07,Private,BDS,N/A,100,
,,,,,MDS,Oral and Maxillofacial Surgery,3,
,,,,,MDS,Oral Medicine & Radiology,3,
,,,,,MDS,Oral & Maxillofacial Pathology and Oral Microbiology,3,
,,,,,MDS,Orthodonitics & Dentofacial Orthopedics,3,
,,,,,MDS,Conservative Dentistry & Endodontics,3,
,,,,,MDS,Prosthodontics and Crown & Bridge,3,
,,,,,MDS,Periodontology,3,
,,,,,MDS,Pediatric and Preventive Dentistry,3,
287,"Panineeya Mahavidyalaya Institute of Dental Sciences & Research Centre, Hyderabad",Telangana,2003-04,Private,BDS,N/A,100,
,,,,,MDS,Public Health Dentistry,5,
,,,,,MDS,Prosthodontics and Crown & Bridge,5,
,,,,,MDS,Oral & Maxillofacial Pathology and Oral Microbiology,5,
,,,,,MDS,Oral and Maxillofacial Surgery,5,
,,,,,MDS,Periodontology,5,
,,,,,MDS,Pediatric and Preventive Dentistry,5,
,,,,,MDS,Orthodonitics & Dentofacial Orthopedics,5,
,,,,,MDS,Conservative Dentistry & Endodontics,5,
,,,,,MDS,Oral Medicine & Radiology,5,
288,"Sri Balaji Dental College, Hyderabad",Telangana,2014-15,Private,BDS,N/A,100,DCI recommended to reduce BDS seats from 100 to 50 for AY 2025-26 ; final decision awaited
,,,,,MDS,Conservative Dentistry & Endodontics,3,
,,,,,MDS,Prosthodontics and Crown & Bridge,3,
,,,,,MDS,Periodontology,2,
,,,,,MDS,Orthodonitics & Dentofacial Orthopedics,2,
,,,,,MDS,Oral and Maxillofacial Surgery,2,
289,"Sri Sai College of Dental Surgery, Vikarabad",Telangana,2000-01,Private,BDS,N/A,100,
,,,,,MDS,Pediatric and Preventive Dentistry,6,
,,,,,MDS,Public Health Dentistry,6,
,,,,,MDS,Oral Medicine & Radiology,3,
,,,,,MDS,Periodontology,6,
,,,,,MDS,Conservative Dentistry & Endodontics,6,
,,,,,MDS,Orthodonitics & Dentofacial Orthopedics,6,
,,,,,MDS,Prosthodontics and Crown & Bridge,6,
,,,,,MDS,Oral and Maxillofacial Surgery,3,
,,,,,MDS,Oral & Maxillofacial Pathology and Oral Microbiology,3,
290,"Sri Venkata Sai Institute of Dental Sciences, Hyderabad",Telangana,2003-04,Private,BDS,N/A,100,
,,,,,MDS,Orthodonitics & Dentofacial Orthopedics,5,
,,,,,MDS,Prosthodontics and Crown & Bridge,5,
,,,,,MDS,Oral & Maxillofacial Pathology and Oral Microbiology,3,
,,,,,MDS,Periodontology,5,
,,,,,MDS,Conservative Dentistry & Endodontics,5,
,,,,,MDS,Pediatric and Preventive Dentistry,5,
,,,,,MDS,Oral and Maxillofacial Surgery,5,
,,,,,MDS,Oral Medicine & Radiology,3,
291,Tirumala Institute of Dental Sciences & Research Centre,Telangana,2021-22,Private,BDS,N/A,100,
292,Agartala Government Dental College and IGM Hospital,Tripura,2023-24,Govt.,BDS,N/A,63,
293,"Babu Banarasi Das College of Dental Sciences, Lucknow",Uttar Pradesh,2000-01,Private,MDS,Prosthodontics and Crown & Bridge,3,GOI vide letter dated 05.07.2024 reduced BDS seats from 100 to 50 for AY 2024-25; final decision for 2025-26 is awaited GOI vide letter No. V.12067/48A/2023-DE dated 05.07.2024 reduce the 2nd unit of MDS recognised seats for the Academic Year 2024-25
,,,,,MDS,Periodontology,3,
,,,,,MDS,Oral Medicine & Radiology,3,
,,,,,MDS,Public Health Dentistry,3,
,,,,,MDS,Pediatric and Preventive Dentistry,3,
,,,,,MDS,Oral & Maxillofacial Pathology and Oral Microbiology,2,
,,,,,MDS,Oral and Maxillofacial Surgery,3,
,,,,,MDS,Conservative Dentistry & Endodontics,3,
,,,,,MDS,Orthodonitics & Dentofacial Orthopedics,3,
,,,,,BDS,N/A,50,
294,"Career Institute of Dental Sciences & Hospital, Lucknow",Uttar Pradesh,2000-01,Private,BDS,N/A,100,
,,,,,MDS,Oral and Maxillofacial Surgery,5,
,,,,,MDS,Oral & Maxillofacial Pathology and Oral Microbiology,5,
,,,,,MDS,Orthodonitics & Dentofacial Orthopedics,5,
,,,,,MDS,Periodontology,5,
,,,,,MDS,Oral Medicine & Radiology,3,
,,,,,MDS,Public Health Dentistry,3,
,,,,,MDS,Conservative Dentistry & Endodontics,5,
,,,,,MDS,Pediatric and Preventive Dentistry,4,
,,,,,MDS,Prosthodontics and Crown & Bridge,5,
295,"Chandra Dental College & Hospital, safedabad",Uttar Pradesh,2003-04,Private,MDS,Orthodonitics & Dentofacial Orthopedics,4,
,,,,,MDS,Conservative Dentistry & Endodontics,5,
,,,,,BDS,N/A,100,
,,,,,MDS,Oral & Maxillofacial Pathology and Oral Microbiology,3,
,,,,,MDS,Prosthodontics and Crown & Bridge,5,
,,,,,MDS,Periodontology,2,
,,,,,MDS,Pediatric and Preventive Dentistry,2,
,,,,,MDS,Oral and Maxillofacial Surgery,5,
296,"D.J. College of Dental Sciences & Research, Modi Nagar",Uttar Pradesh,1999-00,Private,MDS,Public Health Dentistry,3,"From 2 to 4 seats in respect of MDS students admitted in O.M.in 2013-14, 2014-15 & 2015-16 and subsequently from 2 to 3 seats from 2016-17, if granted on or after 20.8.2016"
,,,,,MDS,Oral Medicine & Radiology,3,
,,,,,MDS,Orthodonitics & Dentofacial Orthopedics,6,
,,,,,MDS,Pediatric and Preventive Dentistry,6,
,,,,,MDS,Oral & Maxillofacial Pathology and Oral Microbiology,6,
,,,,,MDS,Oral and Maxillofacial Surgery,3,
,,,,,MDS,Periodontology,6,
,,,,,MDS,Conservative Dentistry & Endodontics,6,
,,,,,MDS,Prosthodontics and Crown & Bridge,6,
,,,,,BDS,N/A,100,
297,Dental College Azamgarh,Uttar Pradesh,2005-06,Private,MDS,Periodontology,2,
,,,,,MDS,Orthodonitics & Dentofacial Orthopedics,5,
,,,,,MDS,Pediatric and Preventive Dentistry,3,
,,,,,MDS,Oral Medicine & Radiology,2,
,,,,,MDS,Conservative Dentistry & Endodontics,3,
,,,,,MDS,Prosthodontics and Crown & Bridge,2,
,,,,,BDS,N/A,100,
298,"Dr. Ziauddin Ahmad Dental College, Aligarh",Uttar Pradesh,1996-97,Govt.,MDS,Pediatric and Preventive Dentistry,2,
,,,,,MDS,Oral and Maxillofacial Surgery,3,
,,,,,MDS,Prosthodontics and Crown & Bridge,3,
,,,,,MDS,Orthodonitics & Dentofacial Orthopedics,3,
,,,,,MDS,Periodontology,3,
,,,,,MDS,Conservative Dentistry & Endodontics,3,
,,,,,MDS,Public Health Dentistry,1,
,,,,,MDS,Oral Medicine & Radiology,2,
,,,,,BDS,N/A,50,
299,"Faculty of Dental Sciences, Banaras Hindu University, Varanasi",Uttar Pradesh,2005-06,Govt.,MDS,Oral Medicine & Radiology,2,
,,,,,MDS,Pediatric and Preventive Dentistry,2,
,,,,,MDS,Oral & Maxillofacial Pathology and Oral Microbiology,1,
,,,,,MDS,Public Health Dentistry,1,
,,,,,BDS,N/A,63,
,,,,,MDS,Conservative Dentistry & Endodontics,4,
,,,,,MDS,Prosthodontics and Crown & Bridge,3,
,,,,,MDS,Orthodonitics & Dentofacial Orthopedics,4,
,,,,,MDS,Periodontology,3,
,,,,,MDS,Oral and Maxillofacial Surgery,4,
300,"Faculty of Dental Sciences, Lucknow",Uttar Pradesh,1951-52,Govt.,BDS,N/A,100,
,,,,,MDS,Pediatric and Preventive Dentistry,6,
,,,,,MDS,Oral Medicine & Radiology,3,
,,,,,MDS,Oral & Maxillofacial Pathology and Oral Microbiology,4,
,,,,,MDS,Public Health Dentistry,3,
,,,,,MDS,Prosthodontics and Crown & Bridge,6,
,,,,,MDS,Periodontology,6,
,,,,,MDS,Conservative Dentistry & Endodontics,6,
,,,,,MDS,Oral and Maxillofacial Surgery,6,
,,,,,MDS,Orthodonitics & Dentofacial Orthopedics,6,
301,"I.T.S. Centre for Dental Studies & Research, Ghaziabad",Uttar Pradesh,2000-01,Private,MDS,Prosthodontics and Crown & Bridge,6,
,,,,,MDS,Oral Medicine & Radiology,3,
,,,,,MDS,Public Health Dentistry,3,
,,,,,MDS,Oral & Maxillofacial Pathology and Oral Microbiology,3,
,,,,,MDS,Pediatric and Preventive Dentistry,6,
,,,,,MDS,Conservative Dentistry & Endodontics,6,
,,,,,BDS,N/A,100,
,,,,,MDS,Periodontology,6,
,,,,,MDS,Orthodonitics & Dentofacial Orthopedics,6,
,,,,,MDS,Oral and Maxillofacial Surgery,6,
302,"I.T.S. Dental College, Hospital & Research Centre, Gr. Noida",Uttar Pradesh,2006-07,Private,BDS,N/A,100,"* closure of MDS in O.M., O.P. & P.H.D. from the academic session 2018-19 onwards."
,,,,,MDS,Orthodonitics & Dentofacial Orthopedics,5,
,,,,,MDS,Oral Medicine & Radiology,2,
,,,,,MDS,Conservative Dentistry & Endodontics,5,
,,,,,MDS,Prosthodontics and Crown & Bridge,5,
,,,,,MDS,Periodontology,5,
,,,,,MDS,Pediatric and Preventive Dentistry,5,
,,,,,MDS,Oral and Maxillofacial Surgery,3,
303,"Inderprastha Dental College & Hospital, Ghaziabad",Uttar Pradesh,2006-07,Private,BDS,N/A,100,
,,,,,MDS,Prosthodontics and Crown & Bridge,5,
,,,,,MDS,Periodontology,5,
,,,,,MDS,Conservative Dentistry & Endodontics,6,
,,,,,MDS,Orthodonitics & Dentofacial Orthopedics,6,
,,,,,MDS,Pediatric and Preventive Dentistry,5,
304,"Institute of Dental Sciences, Bareilly",Uttar Pradesh,2002-03,Private,MDS,Pediatric and Preventive Dentistry,3,
,,,,,MDS,Public Health Dentistry,3,
,,,,,MDS,Prosthodontics and Crown & Bridge,6,
,,,,,MDS,Periodontology,6,
,,,,,MDS,Oral and Maxillofacial Surgery,6,
,,,,,BDS,N/A,100,
,,,,,MDS,Conservative Dentistry & Endodontics,6,
,,,,,MDS,Oral Medicine & Radiology,3,
,,,,,MDS,Oral & Maxillofacial Pathology and Oral Microbiology,2,
,,,,,MDS,Orthodonitics & Dentofacial Orthopedics,3,
305,"Institute of Dental Studies & Technology, Modinagar",Uttar Pradesh,2000-01,Private,MDS,Prosthodontics and Crown & Bridge,5,
,,,,,MDS,Periodontology,5,
,,,,,MDS,Oral and Maxillofacial Surgery,2,
,,,,,MDS,Conservative Dentistry & Endodontics,5,
,,,,,MDS,Orthodonitics & Dentofacial Orthopedics,5,
,,,,,MDS,Pediatric and Preventive Dentistry,3,
,,,,,MDS,Oral Medicine & Radiology,3,
,,,,,MDS,Oral & Maxillofacial Pathology and Oral Microbiology,3,
,,,,,BDS,N/A,100,
306,"K.D. Dental College, Mathura",Uttar Pradesh,2001-02,Private,BDS,N/A,100,
,,,,,MDS,Public Health Dentistry,3,
,,,,,MDS,Prosthodontics and Crown & Bridge,5,
,,,,,MDS,Oral Medicine & Radiology,3,
,,,,,MDS,Pediatric and Preventive Dentistry,6,
,,,,,MDS,Orthodonitics & Dentofacial Orthopedics,6,
,,,,,MDS,Conservative Dentistry & Endodontics,6,
,,,,,MDS,Periodontology,2,
,,,,,MDS,Oral and Maxillofacial Surgery,3,
,,,,,MDS,Oral & Maxillofacial Pathology and Oral Microbiology,2,
307,"Kalka Dental College & Hospital, Meerut",Uttar Pradesh,2006-07,Private,BDS,N/A,100,
,,,,,MDS,Prosthodontics and Crown & Bridge,5,
,,,,,MDS,Periodontology,5,
,,,,,MDS,Conservative Dentistry & Endodontics,5,
,,,,,MDS,Orthodonitics & Dentofacial Orthopedics,5,
,,,,,MDS,Pediatric and Preventive Dentistry,5,
,,,,,MDS,Oral and Maxillofacial Surgery,2,
308,"Kothiwal Dental College & Research Centre, Moradabad",Uttar Pradesh,1999-00,Private,MDS,Public Health Dentistry,3,
,,,,,MDS,Periodontology,5,
,,,,,MDS,Oral and Maxillofacial Surgery,3,
,,,,,MDS,Oral Medicine & Radiology,3,
,,,,,MDS,Prosthodontics and Crown & Bridge,6,
,,,,,BDS,N/A,100,
,,,,,MDS,Conservative Dentistry & Endodontics,6,
,,,,,MDS,Orthodonitics & Dentofacial Orthopedics,6,
,,,,,MDS,Pediatric and Preventive Dentistry,5,
,,,,,MDS,Oral & Maxillofacial Pathology and Oral Microbiology,3,
309,"Maharana Pratap Dental College & Hospital, Kanpur",Uttar Pradesh,2005-06,Private,BDS,N/A,100,
310,"Purvanchal Institute of Dental Sciences, Gorakhpur",Uttar Pradesh,2005-06,Private,BDS,N/A,100,
311,"Rama Dental College, Hospital & Research Centre, Kanpur",Uttar Pradesh,1996-97,Private,MDS,Oral Medicine & Radiology,3,GOI vide letter No. V.12025/165/2022-DE dated 19.03.2025 neutralize one admision for the Academic Year 2025-26.
,,,,,MDS,Orthodonitics & Dentofacial Orthopedics,5,
,,,,,MDS,Pediatric and Preventive Dentistry,2,
,,,,,MDS,Oral and Maxillofacial Surgery,5,
,,,,,MDS,Prosthodontics and Crown & Bridge,6,
,,,,,MDS,Periodontology,6,
,,,,,MDS,Conservative Dentistry & Endodontics,5,
,,,,,MDS,Public Health Dentistry,3,
,,,,,MDS,Oral & Maxillofacial Pathology and Oral Microbiology,2,
,,,,,BDS,N/A,100,
312,"Santosh Dental College & Hospital, Ghaziabad",Uttar Pradesh,1995-96,Private,BDS,N/A,100,
,,,,,MDS,Pediatric and Preventive Dentistry,5,
,,,,,MDS,Oral & Maxillofacial Pathology and Oral Microbiology,3,
,,,,,MDS,Oral and Maxillofacial Surgery,5,
,,,,,MDS,Conservative Dentistry & Endodontics,5,
,,,,,MDS,Periodontology,5,
,,,,,MDS,Orthodonitics & Dentofacial Orthopedics,5,
,,,,,MDS,Prosthodontics and Crown & Bridge,5,
313,"Saraswati Dental College, Lucknow",Uttar Pradesh,1998-99,Private,BDS,N/A,100,
,,,,,MDS,Oral Medicine & Radiology,3,
,,,,,MDS,Periodontology,2,
,,,,,MDS,Oral & Maxillofacial Pathology and Oral Microbiology,2,
,,,,,MDS,Prosthodontics and Crown & Bridge,6,
,,,,,MDS,Conservative Dentistry & Endodontics,6,
,,,,,MDS,Pediatric and Preventive Dentistry,3,
,,,,,MDS,Orthodonitics & Dentofacial Orthopedics,6,
,,,,,MDS,Oral and Maxillofacial Surgery,5,
314,"Sardar Patel Post Graduate Institute of Dental & Medical Sciences, Lucknow",Uttar Pradesh,1996-97,Private,MDS,Oral and Maxillofacial Surgery,5,*reduce/surrender of 2 (Two) MDS seats in the speciality of P.H.D. from 5 to 3 as per the college request vide letter dated 12.12.2017 from the academic session 2018 – 19.
,,,,,MDS,Prosthodontics and Crown & Bridge,6,
,,,,,MDS,Conservative Dentistry & Endodontics,6,
,,,,,MDS,Pediatric and Preventive Dentistry,5,
,,,,,MDS,Oral Medicine & Radiology,3,
,,,,,MDS,Oral & Maxillofacial Pathology and Oral Microbiology,3,
,,,,,MDS,Public Health Dentistry,3,
,,,,,MDS,Periodontology,6,
,,,,,MDS,Orthodonitics & Dentofacial Orthopedics,6,
,,,,,BDS,N/A,100,
315,"School of Dental Sciences, Greater Noida",Uttar Pradesh,2006-07,Private,MDS,Pediatric and Preventive Dentistry,3,
,,,,,MDS,Oral and Maxillofacial Surgery,3,
,,,,,MDS,Oral & Maxillofacial Pathology and Oral Microbiology,3,
,,,,,MDS,Orthodonitics & Dentofacial Orthopedics,3,
,,,,,MDS,Conservative Dentistry & Endodontics,3,
,,,,,BDS,N/A,100,
,,,,,MDS,Prosthodontics and Crown & Bridge,3,
,,,,,MDS,Periodontology,3,
316,"Shree Bankey Bihari Dental College & Research Centre, Masuri",Uttar Pradesh,2004-05,Private,MDS,Periodontology,3,
,,,,,MDS,Pediatric and Preventive Dentistry,3,
,,,,,MDS,Oral Medicine & Radiology,3,
,,,,,MDS,Oral & Maxillofacial Pathology and Oral Microbiology,3,
,,,,,MDS,Orthodonitics & Dentofacial Orthopedics,6,
,,,,,BDS,N/A,100,
,,,,,MDS,Conservative Dentistry & Endodontics,5,
,,,,,MDS,Oral and Maxillofacial Surgery,6,
,,,,,MDS,Prosthodontics and Crown & Bridge,5,
317,"Subharati Dental College, Meerut",Uttar Pradesh,1996-97,Private,MDS,Pediatric and Preventive Dentistry,3,
,,,,,MDS,Oral & Maxillofacial Pathology and Oral Microbiology,2,
,,,,,MDS,Conservative Dentistry & Endodontics,6,
,,,,,MDS,Oral Medicine & Radiology,2,
,,,,,MDS,Prosthodontics and Crown & Bridge,6,
,,,,,MDS,Periodontology,6,
,,,,,MDS,Orthodonitics & Dentofacial Orthopedics,6,
,,,,,MDS,Oral and Maxillofacial Surgery,3,
,,,,,BDS,N/A,100,
318,"Teerthanker Mahaveer Dental College & Research Centre, Moradabad",Uttar Pradesh,2005-06,Private,MDS,Oral & Maxillofacial Pathology and Oral Microbiology,5,
,,,,,MDS,Public Health Dentistry,5,
,,,,,MDS,Pediatric and Preventive Dentistry,5,
,,,,,MDS,Oral and Maxillofacial Surgery,5,
,,,,,MDS,Conservative Dentistry & Endodontics,5,
,,,,,MDS,Oral Medicine & Radiology,5,
,,,,,MDS,Prosthodontics and Crown & Bridge,5,
,,,,,MDS,Periodontology,5,
,,,,,MDS,Orthodonitics & Dentofacial Orthopedics,5,
,,,,,BDS,N/A,100,
319,"U.P. Rural Institute of Medical Sciences & Research, Saifai",Uttar Pradesh,2005-06,Govt.,MDS,Periodontology,3,
320,"Seema Dental College & Hospital, Rishikesh",Uttrakhand,2003-04,Private,MDS,Prosthodontics and Crown & Bridge,5,
,,,,,MDS,Conservative Dentistry & Endodontics,5,
,,,,,MDS,Periodontology,3,
,,,,,MDS,Oral Medicine & Radiology,3,
,,,,,BDS,N/A,100,
,,,,,MDS,Pediatric and Preventive Dentistry,3,
,,,,,MDS,Oral & Maxillofacial Pathology and Oral Microbiology,3,
,,,,,MDS,Orthodonitics & Dentofacial Orthopedics,5,
321,"Uttaranchal Dental College & Medical Research Institute, Dehradun",Uttrakhand,2006-07,Private,BDS,N/A,100,
,,,,,MDS,Conservative Dentistry & Endodontics,2,
,,,,,MDS,Orthodonitics & Dentofacial Orthopedics,3,
,,,,,MDS,Periodontology,2,
,,,,,MDS,Prosthodontics and Crown & Bridge,2,
322,"Burdwan Dental College, Rajbati",West Bengal,2009-10,Govt.,BDS,N/A,125,
323,"Dr. R. Ahmed Dental College & Hospital, Calcutta",West Bengal,1951-52,Govt.,MDS,Pediatric and Preventive Dentistry,5,
,,,,,MDS,Oral and Maxillofacial Surgery,4,
,,,,,MDS,Oral & Maxillofacial Pathology and Oral Microbiology,4,
,,,,,MDS,Prosthodontics and Crown & Bridge,5,
,,,,,MDS,Periodontology,5,
,,,,,MDS,Conservative Dentistry & Endodontics,5,
,,,,,MDS,Orthodonitics & Dentofacial Orthopedics,5,
,,,,,BDS,N/A,125,
324,"Gurunanak Institute of Dental Science & Research, Kolkatta",West Bengal,2002-03,Private,MDS,Orthodonitics & Dentofacial Orthopedics,6,* recognition of MDS Degree in respect of MDS students from 2 to 5 admitted during the academic session 2014-15.
,,,,,MDS,Oral and Maxillofacial Surgery,6,
,,,,,MDS,Prosthodontics and Crown & Bridge,6,
,,,,,MDS,Oral & Maxillofacial Pathology and Oral Microbiology,6,
,,,,,MDS,Periodontology,6,
,,,,,BDS,N/A,100,
,,,,,MDS,Conservative Dentistry & Endodontics,6,
,,,,,MDS,Pediatric and Preventive Dentistry,6,
,,,,,MDS,Oral Medicine & Radiology,3,
,,,,,MDS,Public Health Dentistry,3,
325,"Haldia Institute of Dental Sciences and Research, Banbishnupur",West Bengal,2007-08,Private,BDS,N/A,100,
,,,,,MDS,Oral and Maxillofacial Surgery,5,
,,,,,MDS,Prosthodontics and Crown & Bridge,3,
,,,,,MDS,Periodontology,2,
,,,,,MDS,Conservative Dentistry & Endodontics,5,
,,,,,MDS,Oral Medicine & Radiology,3,
,,,,,MDS,Pediatric and Preventive Dentistry,3,
,,,,,MDS,Orthodonitics & Dentofacial Orthopedics,5,
326,"Kusum Devi Sunderlal Dugar Jain Dental College & Hospital, Kolkata",West Bengal,2017-18,Private,BDS,N/A,100,
,,,,,MDS,Oral and Maxillofacial Surgery,3,
,,,,,MDS,Prosthodontics and Crown & Bridge,3,
,,,,,MDS,Conservative Dentistry & Endodontics,3,
,,,,,MDS,Oral & Maxillofacial Pathology and Oral Microbiology,3,
,,,,,MDS,Periodontology,3,
,,,,,MDS,Orthodonitics & Dentofacial Orthopedics,3,
,,,,,MDS,Pediatric and Preventive Dentistry,3,
327,"Sanaka Institute of Dental Sciences, Durgapur",West Bengal,,,BDS,N/A,100,
328,"The North Bengal Dental College, Sushratangar",West Bengal,1990-91,Govt.,BDS,N/A,63,
